Address,Price,Currency,Link,Property Type,Rooms_count,Floor,Area,City,Neighborhood,Tags1,Tags2,Tags3
הנרייטה סולד 1,3190000,NIS,https://www.yad2.co.il/realestate/item/a0qe1f2x?opened-from=feed&component-type=main_feed&spot=standard&location=1&pagination=40,דירה,3,2,96,רמת השרון,הדר,2 מרפסות,נוף פתוח לעיר,חניה
צבאים 270,4070000,NIS,https://www.yad2.co.il/realestate/item/f9r4ibc8?opened-from=feed&component-type=main_feed&spot=standard&location=2&pagination=40,בית פרטי/ קוטג',6,,500,מולדת,מולדת,3 מרפסות,4 כיווני אוויר,חניה
יסוד המעלה 19,3020000,NIS,https://www.yad2.co.il/realestate/item/gnvczmsc?opened-from=feed&component-type=main_feed&spot=standard&location=3&pagination=40,דירה,4,2,112,הוד השרון,שאר העיר,"ממ""ד",3 כיווני אוויר,חניה
אורט 14,2100000,NIS,https://www.yad2.co.il/realestate/item/73axcrzz?opened-from=feed&component-type=main_feed&spot=standard&location=4&pagination=40,דירה,5,3,120,אשקלון,אפרידר,"ממ""ד",חניה,בניין משופץ
סמטת השחר 3,3390000,NIS,https://www.yad2.co.il/realestate/item/z2i59mqq?opened-from=feed&component-type=main_feed&spot=standard&location=5&pagination=40,דירה,5,7,160,אור יהודה,נווה רבין,"ממ""ד",נוף פתוח לפארק,חניה
הרב בן מאיר 3,1900000,NIS,https://www.yad2.co.il/realestate/item/nhaq3pyo?opened-from=feed&component-type=main_feed&spot=standard&location=6&pagination=40,דירה,5,6,70,נתניה,נאות גנים,"ממ""ד",בניין משופץ,קרוב לפארק
אודם 13,3190000,NIS,https://www.yad2.co.il/realestate/item/nf1cafjl?opened-from=feed&component-type=main_feed&spot=standard&location=7&pagination=40,דירה,5,4,148,באר יעקב,צמרות המושבה,"ממ""ד",3 כיווני אוויר,חניה
כפר עברי 6,839000,NIS,https://www.yad2.co.il/realestate/item/kone5cg4?opened-from=feed&component-type=main_feed&spot=standard&location=8&pagination=40,דירה,5,1,40,עכו,נווה יוני נתניהו,נוף פתוח לעיר,חניה,קיבל היתר להתחדשות עירונית
קדש 699,2000000,NIS,https://www.yad2.co.il/realestate/item/53qs0886?opened-from=feed&component-type=main_feed&spot=standard&location=9&pagination=40,דירת גן,3,1,100,אילת,ערבה,ייחודי,חבל לפספס,בהזדמנות
חיים ארלוזורוב 42,2780000,NIS,https://www.yad2.co.il/realestate/item/xeuwz7jq?opened-from=feed&component-type=main_feed&spot=standard&location=10&pagination=40,דירה,4,3,100,פתח תקווה,רמת ורבר,"ממ""ד",נוף פתוח לעיר,חניה
אליהו בן חור 4,1520000,NIS,https://www.yad2.co.il/realestate/item/2b42g99i?opened-from=feed&component-type=main_feed&spot=standard&location=11&pagination=40,דירת גן,4,,120,באר שבע,שכונה ו',"ממ""ד",4 כיווני אוויר,חניה
שדרות עמק האלה 65,1630000,NIS,https://www.yad2.co.il/realestate/item/bbqvtf1r?opened-from=feed&component-type=main_feed&spot=standard&location=12&pagination=40,דירה,3,12,90,אשקלון,שקמים ואגמים,"ממ""ד",נוף פתוח לפארק,נכס חדש
הררי קדם 1,1630000,לא,https://www.yad2.co.il/realestate/item/0pwnzau5?opened-from=feed&component-type=main_feed&spot=standard&location=13&pagination=40,דו משפחתי,7,,370,רבבה,רבבה,2 מרפסות,3 כיווני אוויר,חדש מקבלן
אדיר 14,3250000,NIS,https://www.yad2.co.il/realestate/item/4kpyrs37?opened-from=feed&component-type=main_feed&spot=standard&location=14&pagination=40,דו משפחתי,5,,185,אלפי מנשה,שגיא,3 חדרי מקלחת,3 כיווני אוויר,חניה
שדה יואב,6100000,NIS,https://www.yad2.co.il/realestate/item/6u36b8jn?opened-from=feed&component-type=main_feed&spot=standard&location=15&pagination=40,בית פרטי/ קוטג',7,,501,שדה יואב,שדה יואב,2 מרפסות,3 חדרי מקלחת,4 כיווני אוויר
אליאס קלימיאן 4,2080000,NIS,https://www.yad2.co.il/realestate/item/p3b8jdz6?opened-from=feed&component-type=main_feed&spot=standard&location=16&pagination=40,דירה,5,8,133,נהריה,גבעת אוסישקין,3 חדרי מקלחת,4 כיווני אוויר,חניה
אורי צבי גרינברג 4,2080000,לא,https://www.yad2.co.il/realestate/item/3y9o9vp1?opened-from=feed&component-type=main_feed&spot=standard&location=17&pagination=40,דירה,5,11,132,גבעת שמואל,רמת הדר,3 חדרי מקלחת,"ממ""ד",חניה
גבעתי 5,2150000,NIS,https://www.yad2.co.il/realestate/item/jrqttiis?opened-from=feed&component-type=main_feed&spot=standard&location=18&pagination=40,דירה,3,6,81,בת ים,דרום מערב ותיק,2 מרפסות,חניה,חדש מקבלן
הרטום 2,2290000,NIS,https://www.yad2.co.il/realestate/item/jz30ezas?opened-from=feed&component-type=main_feed&spot=standard&location=19&pagination=40,דירה,4,2,98,נתניה,משכנות זבולון,"ממ""ד",4 כיווני אוויר,חניה
עזרא הסופר 13,6290000,NIS,https://www.yad2.co.il/realestate/item/ujek090x?opened-from=feed&component-type=main_feed&spot=standard&location=20&pagination=40,דירה,6,5,183,הרצליה,מרכז,3 חדרי מקלחת,חניה,חדש מקבלן
סמטת יוטבתה 6,750000,NIS,https://www.yad2.co.il/realestate/item/060g0tci?opened-from=feed&component-type=main_feed&spot=standard&location=1&pagination=41,דירה,3,3,45,באר שבע,שכונה ד',ייחודי,חבל לפספס,בהזדמנות
הגינה 10,4950000,NIS,https://www.yad2.co.il/realestate/item/62e27knb?opened-from=feed&component-type=main_feed&spot=standard&location=2&pagination=41,דירה,5,2,132,רמת השרון,הדר,3 חדרי מקלחת,חניה,חדש מקבלן
סמטת האחים פיש 27,2750000,NIS,https://www.yad2.co.il/realestate/item/fjiwrm3x?opened-from=feed&component-type=main_feed&spot=standard&location=3&pagination=41,דו משפחתי,5,,315,קרית טבעון,קרית עמל,3 כיווני אוויר,נוף פתוח לפארק,בהזדמנות
יוסף הגלילי 22,4850000,NIS,https://www.yad2.co.il/realestate/item/7ggihkxe?opened-from=feed&component-type=main_feed&spot=standard&location=4&pagination=41,דירה,5,19,130,מרכז העיר ג',שכונת בן גוריון,"ממ""ד",נוף פתוח לעיר,חניה
סמסונוב 6,4500000,NIS,https://www.yad2.co.il/realestate/item/xy5w8y0n?opened-from=feed&component-type=main_feed&spot=standard&location=5&pagination=41,בית פרטי/ קוטג',6,,307,חדרה,מרכז העיר,"ממ""ד",4 כיווני אוויר,חניה
ההגנה 2,3150000,NIS,https://www.yad2.co.il/realestate/item/g9zvl3aa?opened-from=feed&component-type=main_feed&spot=standard&location=6&pagination=41,דירה,5,5,131,בת ים,לב העיר,3 כיווני אוויר,נוף פתוח לים,חניה
גדעון האוזנר 4,4050000,NIS,https://www.yad2.co.il/realestate/item/4cpg6h6x?opened-from=feed&component-type=main_feed&spot=standard&location=7&pagination=41,דירה,4,5,114,הרצליה,גליל ים (מתחם הכוכבים),2 מרפסות,"ממ""ד",חניה
פיינברג 44,2050000,NIS,https://www.yad2.co.il/realestate/item/dzxv2c1b?opened-from=feed&component-type=main_feed&spot=standard&location=8&pagination=41,דירה,4,6,110,חדרה,ברנדייס,"ממ""ד",3 כיווני אוויר,חניה
אלמוג 13,2650000,NIS,https://www.yad2.co.il/realestate/item/rkr7iah7?opened-from=feed&component-type=main_feed&spot=standard&location=9&pagination=41,דירה,4,10,110,חיפה,רמת חביב / רמת הנשיא,"ממ""ד",3 כיווני אוויר,חניה
צאלה 33,2850000,NIS,https://www.yad2.co.il/realestate/item/soepfmj1?opened-from=feed&component-type=main_feed&spot=standard&location=10&pagination=41,דירה,4,1,118,גדרה,גדרה הצעירה,2 מרפסות,"ממ""ד",חניה
הדקלים 17,1600000,NIS,https://www.yad2.co.il/realestate/item/jrywxbn7?opened-from=feed&component-type=main_feed&spot=standard&location=11&pagination=41,דירה,4,1,112,סביניה,מרכז העיר,חניה,קרוב לפארק,בהזדמנות
צבי הירשפלד 37,3250000,NIS,https://www.yad2.co.il/realestate/item/ozepsy9a?opened-from=feed&component-type=main_feed&spot=standard&location=12&pagination=41,דירה,5,6,160,מערב ותיק,רמז,"ממ""ד",נוף פתוח לעיר,חניה
שלום דנינו 8,1290000,NIS,https://www.yad2.co.il/realestate/item/2f7ctku2?opened-from=feed&component-type=main_feed&spot=standard&location=13&pagination=41,דירה,3,11,105,נתיבות,נתיבות מערב,"ממ""ד",נוף פתוח לפארק,חניה
שאול המלך 18,2040000,NIS,https://www.yad2.co.il/realestate/item/zjzj036b?opened-from=feed&component-type=main_feed&spot=standard&location=14&pagination=41,דירה,4,,67,כפר סבא,יוספטל,3 כיווני אוויר,נוף פתוח לפארק,נכס עורפי
הנוטע 68,4100000,NIS,https://www.yad2.co.il/realestate/item/rd6yhg35?opened-from=feed&component-type=main_feed&spot=standard&location=15&pagination=41,דירה,5,2,140,תל מונד,שכונה 8,"ממ""ד",3 כיווני אוויר,חניה
עין דור 11,1390000,NIS,https://www.yad2.co.il/realestate/item/5qdwyiew?opened-from=feed&component-type=main_feed&spot=standard&location=16&pagination=41,דירה,5,10,72,תחנת רכבת השמונה,שער פלמר,"ממ""ד",,
,1390000,NIS,,,5,10,,,,,,
,1390000,NIS,,,5,10,,,,,,
,1390000,NIS,,,5,10,,,,,,
,1390000,NIS,,,5,10,,,,,,
האילנות 87,3650000,NIS,https://www.yad2.co.il/realestate/item/wx73c4zd?opened-from=feed&component-type=main_feed&spot=standard&location=1&pagination=42,בית פרטי/ קוטג',6,,380,קדימה צורן,צורן,"ממ""ד",נוף פתוח לפארק,חניה
יהודה הנשיא 1,1320000,NIS,https://www.yad2.co.il/realestate/item/bixjp7rp?opened-from=feed&component-type=main_feed&spot=standard&location=2&pagination=42,דירה,4,5,100,טבריה,קרית שמואל,"ממ""ד",נוף פתוח לעיר,בניין משופץ
אליעזר קרסנר 1,75000,NIS,,מגרשים,4,,500,גדרה,גבעת העיריות,ייחודי,חבל לפספס,בהזדמנות
הזמיר 88,2950000,NIS,https://www.yad2.co.il/realestate/item/46ezb6vo?opened-from=feed&component-type=main_feed&spot=standard&location=4&pagination=42,גג/ פנטהאוז,5,10,150,נהריה,נהריה הירוקה,2 מרפסות,"ממ""ד",3 כיווני אוויר
הפטל 17,1990000,NIS,https://www.yad2.co.il/realestate/item/ugzjwccx?opened-from=feed&component-type=main_feed&spot=standard&location=5&pagination=42,דירה,4,1,130,קרית ביאליק,הפרפר,2 מרפסות,"ממ""ד",חניה
מרה 28,5450000,NIS,https://www.yad2.co.il/realestate/item/wdmsgykl?opened-from=feed&component-type=main_feed&spot=standard&location=6&pagination=42,גג/ פנטהאוז,5,4,130,רמת בית הכרם,בית הכרם,3 מרפסות,4 כיווני אוויר,חניה
מרים בן פורת 4,3720000,NIS,https://www.yad2.co.il/realestate/item/1037ghq8?opened-from=feed&component-type=main_feed&spot=standard&location=7&pagination=42,דירה,5,14,143,ראשון לציון,נחלת יהודה,"ממ""ד",נוף פתוח לעיר,חניה
פני הגבעה 27,2650000,NIS,https://www.yad2.co.il/realestate/item/j14ermsc?opened-from=feed&component-type=main_feed&spot=standard&location=8&pagination=42,דירה,5,1,60,רמת גן,שכונת גפן,"ממ""ד",חניה,נכס חדש
אבן גבירול 88,6589000,NIS,https://www.yad2.co.il/realestate/item/p3eoww4z?opened-from=feed&component-type=main_feed&spot=standard&location=9&pagination=42,דירה,4,2,109,תל אביב יפו,הצפון החדש - דרום,3 מרפסות,נוף פתוח לעיר,בניין משופץ
הדקלים 73,4050000,NIS,https://www.yad2.co.il/realestate/item/qfvi550d?opened-from=feed&component-type=main_feed&spot=standard&location=10&pagination=42,בית פרטי/ קוטג',7,,200,פרדס חנה כרכור,מרכז פרדס חנה,4 חדרי מקלחת,4 כיווני אוויר,חניה
סמטת היסמין 5,2780000,NIS,https://www.yad2.co.il/realestate/item/vb93ezy3?opened-from=feed&component-type=main_feed&spot=standard&location=11&pagination=42,דירה,5,1,82,ערמונים,נווה יהושע,"ממ""ד",3 כיווני אוויר,חניה
הרב ניסנבאום 37,2650000,NIS,https://www.yad2.co.il/realestate/item/0ohxk57p?opened-from=feed&component-type=main_feed&spot=standard&location=12&pagination=42,דירה,3,15,87,בת ים,אזור תעשיה,"ממ""ד",נוף פתוח לעיר,חניה
טורקיז 47,1990000,NIS,https://www.yad2.co.il/realestate/item/28odocnb?opened-from=feed&component-type=main_feed&spot=standard&location=13&pagination=42,גג/ פנטהאוז,6,4,135,חריש,אבני חן,2 מרפסות,"ממ""ד",חניה
אריק איינשטיין 12,6350000,NIS,https://www.yad2.co.il/realestate/item/9v9ufwh0?opened-from=feed&component-type=main_feed&spot=standard&location=14&pagination=42,דירה,5,8,160,הרצליה,הרצליה ב',"ממ""ד",נוף פתוח לים,חניה
ראש פינה 8,6350000,לא,https://www.yad2.co.il/realestate/item/imdx6778?opened-from=feed&component-type=main_feed&spot=standard&location=15&pagination=42,דירה,5,5,160,אשדוד,רובע ט',"ממ""ד",3 כיווני אוויר,חניה
תכלת 61,3490000,NIS,https://www.yad2.co.il/realestate/item/kqrg6w5o?opened-from=feed&component-type=main_feed&spot=standard&location=16&pagination=42,דירה,4,2,158,מודיעין מכבים רעות,אבני חן,2 מרפסות,"ממ""ד",חניה
גולדה מאיר 114,5380000,NIS,https://www.yad2.co.il/realestate/item/0y3i9lx5?opened-from=feed&component-type=main_feed&spot=standard&location=17&pagination=42,גג/ פנטהאוז,6,6,320,מודיעין מכבים רעות,מורשת,3 מרפסות,4 כיווני אוויר,חניה
דרך התקווה 9,3900000,NIS,https://www.yad2.co.il/realestate/item/vkxohxou?opened-from=feed&component-type=main_feed&spot=standard&location=18&pagination=42,דירה,5,1,142,גני תקווה,גני תקווה צפון,3 חדרי מקלחת,3 כיווני אוויר,חניה
כוכב הים 38,6500000,NIS,,מגרשים,5,,520,,חופית,3 כיווני אוויר,נוף פתוח לים,חדש מקבלן
מרים הנביאה 27,3150000,NIS,https://www.yad2.co.il/realestate/item/0btyztms?opened-from=feed&component-type=main_feed&spot=standard&location=20&pagination=42,דירה,5,3,170,ראש העין,פסגות אפק,"ממ""ד",3 כיווני אוויר,חניה
החיטה 33,2940000,NIS,https://www.yad2.co.il/realestate/item/polqqrmp?opened-from=feed&component-type=main_feed&spot=standard&location=1&pagination=43,דירת גן,4,,215,מרכז שפירא,מרכז שפירא,2 מרפסות,3 כיווני אוויר,חניה
הרב ישעיהו משורר 4,3640000,NIS,https://www.yad2.co.il/realestate/item/91mdnwjz?opened-from=feed&component-type=main_feed&spot=standard&location=2&pagination=43,דירה,4,5,149,פתח תקווה,הדר גנים,"ממ""ד",3 כיווני אוויר,חניה
ניסן 27,2330000,NIS,https://www.yad2.co.il/realestate/item/jnsyyyam?opened-from=feed&component-type=main_feed&spot=standard&location=3&pagination=43,גג/ פנטהאוז,5,6,174,אשקלון,נווה הדרים,"ממ""ד",3 כיווני אוויר,חניה
דוכיפת 29,2550000,NIS,https://www.yad2.co.il/realestate/item/qmtyqbp1?opened-from=feed&component-type=main_feed&spot=standard&location=4&pagination=43,דירה,4,3,131,צור הדסה,סנסן,"ממ""ד",3 כיווני אוויר,חניה
וייצמן 11,2350000,NIS,https://www.yad2.co.il/realestate/item/app3bgag?opened-from=feed&component-type=main_feed&spot=standard&location=5&pagination=43,דירה,5,2,110,בת ים,עמידר,4 כיווני אוויר,נוף פתוח לעיר,בניין משופץ
שפינוזה 8,3800000,NIS,https://www.yad2.co.il/realestate/item/7tngihrk?opened-from=feed&component-type=main_feed&spot=standard&location=6&pagination=43,דירה,4,2,117,רעננה,שיכון אשר,3 מרפסות,3 כיווני אוויר,חניה
אליהו גולומב 11,1690000,NIS,https://www.yad2.co.il/realestate/item/rx3cf0w4?opened-from=feed&component-type=main_feed&spot=standard&location=7&pagination=43,דירה,4,1,131,טבריה,שיכון עובדים,"ממ""ד",3 כיווני אוויר,חניה
"רד""ק 4",2550000,NIS,https://www.yad2.co.il/realestate/item/e44zi4ep?opened-from=feed&component-type=main_feed&spot=standard&location=8&pagination=43,דירה,4,2,115,אלעד,אלעד,2 מרפסות,"ממ""ד",בהזדמנות
האורן 15,2550000,לא,https://www.yad2.co.il/realestate/item/cptvttkb?opened-from=feed&component-type=main_feed&spot=standard&location=9&pagination=43,דירה,5,2,97,יבנה,רמות ויצמן,3 כיווני אוויר,נוף פתוח לפארק,נכס עורפי
"הרב חרל""פ 8",2750000,NIS,https://www.yad2.co.il/realestate/item/mdyn632w?opened-from=feed&component-type=main_feed&spot=standard&location=10&pagination=43,דירה,5,2,107,בני ברק,הר שלום,3 כיווני אוויר,חניה,בהזדמנות
יואב 13,3800000,NIS,https://www.yad2.co.il/realestate/item/xrn7imbf?opened-from=feed&component-type=main_feed&spot=standard&location=11&pagination=43,בית פרטי/ קוטג',5,,225,נתניה,נאות הרצל,3 חדרי מקלחת,4 כיווני אוויר,חניה
יוסף שרשבסקי 7,3890000,NIS,https://www.yad2.co.il/realestate/item/gtbg5v0t?opened-from=feed&component-type=main_feed&spot=standard&location=12&pagination=43,בית פרטי/ קוטג',6,,370,באר שבע,רמות הרכס,2 מרפסות,3 חדרי מקלחת,4 כיווני אוויר
דרך המשחררים 16,2250000,NIS,https://www.yad2.co.il/realestate/item/uzjpiaam?opened-from=feed&component-type=main_feed&spot=standard&location=13&pagination=43,דירה,4,2,170,באר שבע,שכונה ב',"ממ""ד",נוף פתוח לעיר,חניה
שדרות עמק יזרעאל 55,2190000,NIS,https://www.yad2.co.il/realestate/item/7833ob2g?opened-from=feed&component-type=main_feed&spot=standard&location=14&pagination=43,דירה,5,1,132,אשקלון,שקמים ואגמים,"ממ""ד",3 כיווני אוויר,חניה
אפרים 4,2690000,NIS,https://www.yad2.co.il/realestate/item/olo4fovn?opened-from=feed&component-type=main_feed&spot=standard&location=15&pagination=43,דירה,4,3,98,רמת גן,נגבה,"ממ""ד",3 כיווני אוויר,חניה
דרך רבין 32,3200000,NIS,https://www.yad2.co.il/realestate/item/4bq04mhm?opened-from=feed&component-type=main_feed&spot=standard&location=16&pagination=43,בית פרטי/ קוטג',7,,500,חצור הגלילית,שאר העיר,"ממ""ד",חבל לפספס,בהזדמנות
הרב אוורבוך 28,3475000,NIS,https://www.yad2.co.il/realestate/item/6wadu56v?opened-from=feed&component-type=main_feed&spot=standard&location=17&pagination=43,דירה,4,2,104,רמת השרון,הדר,חניה,נכס עורפי,משופצת אדריכלית
כנען 3,5200000,NIS,https://www.yad2.co.il/realestate/item/sh0h0uuo?opened-from=feed&component-type=main_feed&spot=standard&location=18&pagination=43,דירת גן,5,,345,פרדס בחסכון,בית בפארק,3 חדרי מקלחת,"ממ""ד",חניה
נעמי שמר 3,3990000,NIS,https://www.yad2.co.il/realestate/item/xlz71zq4?opened-from=feed&component-type=main_feed&spot=standard&location=19&pagination=43,דירה,5,13,135,פארק הים,דרום חדש,3 כיווני אוויר,חניה,חדש מקבלן
המשוט 5,5650000,NIS,https://www.yad2.co.il/realestate/item/cmqyhc5z?opened-from=feed&component-type=main_feed&spot=standard&location=20&pagination=43,גג/ פנטהאוז,6,7,306,יבנה,נאות רבין,2 מרפסות,4 כיווני אוויר,חניה
דפנה 34,8000000,NIS,https://www.yad2.co.il/realestate/item/duupqal6?opened-from=feed&component-type=main_feed&spot=standard&location=1&pagination=44,דירה,5,9,183,תל אביב יפו,הצפון החדש - דרום,3 חדרי מקלחת,3 כיווני אוויר,חדש מקבלן
הורד 32,5200000,NIS,https://www.yad2.co.il/realestate/item/fbdll283?opened-from=feed&component-type=main_feed&spot=standard&location=2&pagination=44,בית פרטי/ קוטג',5,,370,גן יבנה,נאות הפרחים,2 מרפסות,4 כיווני אוויר,חניה
כלניות 47,3000000,NIS,https://www.yad2.co.il/realestate/item/sfkqv8xl?opened-from=feed&component-type=main_feed&spot=standard&location=3&pagination=44,דו משפחתי,5,,180,אחוזת ברק,אחוזת ברק,"ממ""ד",3 כיווני אוויר,חניה
קרן היסוד 31,1300000,NIS,https://www.yad2.co.il/realestate/item/r26swbp4?opened-from=feed&component-type=main_feed&spot=standard&location=4&pagination=44,דירה,3,3,70,נשר,תל חנן,נוף פתוח לפארק,בניין משופץ,בהזדמנות
שמואל יפה ארמוזה 4,2600000,NIS,https://www.yad2.co.il/realestate/item/qki6r7cf?opened-from=feed&component-type=main_feed&spot=standard&location=5&pagination=44,דירת גן,5,2,138,ירושלים,פסגת זאב,3 כיווני אוויר,בניין משופץ,קרוב לפארק
יוסי בנאי 75,2440000,NIS,https://www.yad2.co.il/realestate/item/2tn1qlwm?opened-from=feed&component-type=main_feed&spot=standard&location=6&pagination=44,דירה,4,5,132,ראש העין,פסגות אפק,"ממ""ד",נוף פתוח לעיר,חניה
שביל האלה 1,5800000,NIS,https://www.yad2.co.il/realestate/item/3kqs9l4y?opened-from=feed&component-type=main_feed&spot=standard&location=7&pagination=44,בית פרטי/ קוטג',5,,419,רמת דוד,רמת דוד,2 מרפסות,4 כיווני אוויר,חניה
אורים 13,2755000,NIS,https://www.yad2.co.il/realestate/item/hugyikaa?opened-from=feed&component-type=main_feed&spot=standard&location=8&pagination=44,דירה,4,5,107,הארגזים,עזרא,חניה,נכס עורפי,נכס חדש
שדרות גולדה מאיר 1034,790000,NIS,https://www.yad2.co.il/realestate/item/l2li8e1n?opened-from=feed&component-type=main_feed&spot=standard&location=9&pagination=44,דירה,4,3,89,דימונה,נווה דוד,3 כיווני אוויר,נוף פתוח לעיר,בניין משופץ
איבי נחל 1,1319000,NIS,https://www.yad2.co.il/realestate/item/osmk6vdv?opened-from=feed&component-type=main_feed&spot=standard&location=10&pagination=44,דירה,5,1,120,אבני חפץ,אבני חפץ,3 חדרי מקלחת,3 כיווני אוויר,חניה
הרי הגלעד 4,3900000,NIS,https://www.yad2.co.il/realestate/item/s5vq6g79?opened-from=feed&component-type=main_feed&spot=standard&location=11&pagination=44,דירה,3,18,87,רמת גן,בורסה,"ממ""ד",נוף פתוח לים,חניה
נחליאלי 15,3250000,NIS,https://www.yad2.co.il/realestate/item/yv62ne4q?opened-from=feed&component-type=main_feed&spot=standard&location=12&pagination=44,בית פרטי/ קוטג',6,,300,אשקלון,נאות אשקלון,2 מרפסות,3 כיווני אוויר,חניה
שדרות ששת הימים 323,2295000,NIS,https://www.yad2.co.il/realestate/item/2la4jnjr?opened-from=feed&component-type=main_feed&spot=standard&location=13&pagination=44,דירה,5,3,130,שחמון,הבשמים,"ממ""ד",נוף פתוח לים,קרוב לים
בן יהודה 178,33000000,NIS,,בניין מגורים,5,,302,תל אביב יפו,הצפון הישן - צפון,4 חדרי מקלחת,3 כיווני אוויר,נוף פתוח לעיר
משעול אייל 36,2200000,NIS,https://www.yad2.co.il/realestate/item/0a36blf7?opened-from=feed&component-type=main_feed&spot=standard&location=15&pagination=44,דירה,4,3,97,בת ים,דרום מערב ותיק,"ממ""ד",חניה,קרוב לים
אהבת אדם 66,2390000,NIS,https://www.yad2.co.il/realestate/item/3yzkph7h?opened-from=feed&component-type=main_feed&spot=standard&location=16&pagination=44,דירה,3,8,117,כפר יונה,שרונה,"ממ""ד",נוף פתוח לפארק,חניה
הגליל 46,4950000,NIS,https://www.yad2.co.il/realestate/item/5i17wg1n?opened-from=feed&component-type=main_feed&spot=standard&location=17&pagination=44,גג/ פנטהאוז,4,6,245,רעננה,נווה דוד רמז,3 מרפסות,4 כיווני אוויר,חניה
בן איש חי 21,4990000,NIS,https://www.yad2.co.il/realestate/item/6cbqn8xm?opened-from=feed&component-type=main_feed&spot=standard&location=18&pagination=44,דו משפחתי,4,,500,אור יהודה,רמת פנקס,2 מרפסות,3 כיווני אוויר,חניה
הערבה 8,1880000,NIS,https://www.yad2.co.il/realestate/item/0di8xlt4?opened-from=feed&component-type=main_feed&spot=standard&location=19&pagination=44,דירה,4,2,104,נשר,רמות יצחק,"ממ""ד",4 כיווני אוויר,חניה
נעמי שמר 4,2980000,NIS,https://www.yad2.co.il/realestate/item/5tobvm51?opened-from=feed&component-type=main_feed&spot=standard&location=20&pagination=44,דירה,3,4,86,פארק הים,דרום חדש,3 כיווני אוויר,חניה,חדש מקבלן
יפתח 4,3650000,NIS,https://www.yad2.co.il/realestate/item/vo6xt898?opened-from=feed&component-type=main_feed&spot=standard&location=1&pagination=45,דירה,4,,102,תל אביב יפו,יד אליהו,"ממ""ד",חניה,נכס חדש
המשוט 8,2970000,NIS,https://www.yad2.co.il/realestate/item/9szqn38u?opened-from=feed&component-type=main_feed&spot=standard&location=2&pagination=45,דירה,5,10,136,יבנה,נאות רבין,"ממ""ד",נוף פתוח לפארק,חניה
יואב 8,3690000,NIS,https://www.yad2.co.il/realestate/item/cc078bxo?opened-from=feed&component-type=main_feed&spot=standard&location=3&pagination=45,דירה,5,1,95,רמת גן,חרוזים,"ממ""ד",3 כיווני אוויר,חניה
חולתה,3499999,NIS,https://www.yad2.co.il/realestate/item/kwfi8yc4?opened-from=feed&component-type=main_feed&spot=standard&location=4&pagination=45,בית פרטי/ קוטג',7,,450,חולתה,חולתה,3 חדרי מקלחת,3 כיווני אוויר,חניה
התבור 19,1400000,NIS,https://www.yad2.co.il/realestate/item/lljjpa51?opened-from=feed&component-type=main_feed&spot=standard&location=5&pagination=45,בית פרטי/ קוטג',4,1,100,צפת,יצחק רבין,3 כיווני אוויר,חניה,בהזדמנות
הרב מובשוביץ 13,5400000,NIS,https://www.yad2.co.il/realestate/item/t1xl1ljj?opened-from=feed&component-type=main_feed&spot=standard&location=6&pagination=45,גג/ פנטהאוז,7,2,345,הרצליה,מרכז,3 חדרי מקלחת,4 כיווני אוויר,חניה
קטיף 28,2000000,NIS,https://www.yad2.co.il/realestate/item/55n7ivqt?opened-from=feed&component-type=main_feed&spot=standard&location=7&pagination=45,דירת גן,5,,220,נתיבות,נתיבות מערב,2 מרפסות,"ממ""ד",חניה
הדרים 12,2380000,NIS,https://www.yad2.co.il/realestate/item/wsri2p9g?opened-from=feed&component-type=main_feed&spot=standard&location=8&pagination=45,דופלקס,6,,246,מעלות תרשיחא,יפה נוף,"ממ""ד",חניה,חדש מקבלן
הדפנה 10,4200000,NIS,https://www.yad2.co.il/realestate/item/clqeffak?opened-from=feed&component-type=main_feed&spot=standard&location=9&pagination=45,בית פרטי/ קוטג',10,1,500,מגדל העמק,נוף העמק,"ממ""ד",4 כיווני אוויר,נוף פתוח לעיר
הגילגל 81,6300000,NIS,https://www.yad2.co.il/realestate/item/9f78fk9g?opened-from=feed&component-type=main_feed&spot=standard&location=10&pagination=45,בית פרטי/ קוטג',10,,540,מעלה אדומים,מצפה נבו,4 חדרי מקלחת,3 כיווני אוויר,חניה
שבט יהודה 2,1740000,NIS,https://www.yad2.co.il/realestate/item/2jcvb5w6?opened-from=feed&component-type=main_feed&spot=standard&location=11&pagination=45,דירה,3,9,100,לוד,אחיסמך,"ממ""ד",נוף פתוח לפארק,חניה
לבונה 5,2900000,NIS,https://www.yad2.co.il/realestate/item/1djl6t3q?opened-from=feed&component-type=main_feed&spot=standard&location=12&pagination=45,דירת גן,4,1,189,אור עקיבא,אור ים,"ממ""ד",חניה,נכס חדש
דוד ניב 32,1380000,NIS,https://www.yad2.co.il/realestate/item/m8xrk4me?opened-from=feed&component-type=main_feed&spot=standard&location=13&pagination=45,דירה,4,5,119,נאות אילן,נווה זאב,"ממ""ד",3 כיווני אוויר,חניה
דב גרונר 2,4495000,NIS,https://www.yad2.co.il/realestate/item/5ubcickp?opened-from=feed&component-type=main_feed&spot=standard&location=14&pagination=45,דופלקס,5,9,199,פתח תקווה,עין גנים,3 מרפסות,3 כיווני אוויר,חדש מקבלן
כלנית 1,4485000,NIS,https://www.yad2.co.il/realestate/item/bw3vrtah?opened-from=feed&component-type=main_feed&spot=standard&location=15&pagination=45,טריפלקס,5,1,282,צופים,צופים,2 מרפסות,נוף פתוח לפארק,חדש מקבלן
ארלוזורוב 16,4420000,NIS,https://www.yad2.co.il/realestate/item/srwktot4?opened-from=feed&component-type=main_feed&spot=standard&location=16&pagination=45,דירה,5,5,173,רעננה,מרכז דרום,"ממ""ד",3 כיווני אוויר,חניה
קפלן 43,2100000,NIS,https://www.yad2.co.il/realestate/item/la00jzej?opened-from=feed&component-type=main_feed&spot=standard&location=17&pagination=45,דירה,3,7,61,פתח תקווה,בר יהודה,"ממ""ד",חניה,חדש מקבלן
ימי בנימינה 24,250000,NIS,https://www.yad2.co.il/realestate/item/6sf3s4gp?opened-from=feed&component-type=main_feed&spot=standard&location=18&pagination=45,מגרשים,5,,250,בנימינה גבעת עדה,יעקב,ייחודי,חבל לפספס,בהזדמנות
חרמש,900000,NIS,https://www.yad2.co.il/realestate/item/b6m0f1o0?opened-from=feed&component-type=main_feed&spot=standard&location=19&pagination=45,בית פרטי/ קוטג',5,,500,,חרמש,2 מרפסות,4 כיווני אוויר,חניה
מסילת ישרים 66,6800000,NIS,https://www.yad2.co.il/realestate/item/fd8hdvz4?opened-from=feed&component-type=main_feed&spot=standard&location=20&pagination=45,בית פרטי/ קוטג',4,,250,תל אביב יפו,שפירא,3 כיווני אוויר,נוף פתוח לעיר,בהזדמנות
בילטמור 5,7889000,NIS,https://www.yad2.co.il/realestate/item/zn4og4ja?opened-from=feed&component-type=main_feed&spot=standard&location=1&pagination=46,דירה,4,5,125,תל אביב יפו,הצפון החדש - כיכר המדינה,3 חדרי מקלחת,חניה,חדש מקבלן
רבנו תם 23,3650000,NIS,https://www.yad2.co.il/realestate/item/dbh82g1z?opened-from=feed&component-type=main_feed&spot=standard&location=2&pagination=46,דופלקס,6,1,223,אשדוד,רובע ט',3 חדרי מקלחת,3 כיווני אוויר,חניה
גרשון אבנר 1,4400000,NIS,https://www.yad2.co.il/realestate/item/e4se5582?opened-from=feed&component-type=main_feed&spot=standard&location=3&pagination=46,דירה,5,5,128,תלפיות מזרח,ארמון הנציב,3 כיווני אוויר,חניה,חדש מקבלן
דוד המלך 17,2200000,NIS,https://www.yad2.co.il/realestate/item/nbp7j1w9?opened-from=feed&component-type=main_feed&spot=standard&location=4&pagination=46,דירה,5,1,80,נתניה,צפון מערב מרכז העיר,3 כיווני אוויר,נוף פתוח לים,נכס עורפי
שדרות לוי אשכול 2,6200000,NIS,https://www.yad2.co.il/realestate/item/u5fkqely?opened-from=feed&component-type=main_feed&spot=standard&location=5&pagination=46,דירה,3,3,94,תל אביב יפו,כוכב הצפון,"ממ""ד",נוף פתוח לפארק,חניה
יהושע בן נון 37,4500000,NIS,https://www.yad2.co.il/realestate/item/v9o2l0qw?opened-from=feed&component-type=main_feed&spot=standard&location=6&pagination=46,דירה,3,3,70,תל אביב יפו,הצפון הישן - צפון,נוף פתוח לעיר,חבל לפספס,בהזדמנות
רחבת לכיש 3,2175000,NIS,https://www.yad2.co.il/realestate/item/m6tcco7b?opened-from=feed&component-type=main_feed&spot=standard&location=7&pagination=46,בית פרטי/ קוטג',5,,348,באר שבע,שכונה ט',"ממ""ד",4 כיווני אוויר,חניה
איה 35,11000000,NIS,https://www.yad2.co.il/realestate/item/4tkm3ur7?opened-from=feed&component-type=main_feed&spot=standard&location=8&pagination=46,דו משפחתי,7,,430,רמת השרון,נווה רום,"ממ""ד",3 כיווני אוויר,חניה
הגלים 1,6500000,NIS,,משק חקלאי/ נחלה,7,,28000,מגדים,מגדים,4 כיווני אוויר,נוף פתוח לפארק,בהזדמנות
גדעון 1,5040000,NIS,https://www.yad2.co.il/realestate/item/7tgchrtq?opened-from=feed&component-type=main_feed&spot=standard&location=10&pagination=46,דירה,4,5,124,רמת השרון,הדר,"ממ""ד",נוף פתוח לפארק,חניה
סעדיה מרדכי 11,1320000,NIS,https://www.yad2.co.il/realestate/item/00a7mjmf?opened-from=feed&component-type=main_feed&spot=standard&location=11&pagination=46,דירה,3,2,65,רמלה,בן גוריון,4 כיווני אוויר,נוף פתוח לעיר,בניין משופץ
הגנים 1,5900000,NIS,https://www.yad2.co.il/realestate/item/87weoeou?opened-from=feed&component-type=main_feed&spot=standard&location=12&pagination=46,דירה,5,8,144,רמת השרון,נווה גן,3 כיווני אוויר,חניה,חדש מקבלן
יסעור 4,6900000,NIS,https://www.yad2.co.il/realestate/item/lm1xnqaq?opened-from=feed&component-type=main_feed&spot=standard&location=13&pagination=46,גג/ פנטהאוז,5,1,192,גבעת העליה,עג'מי,3 חדרי מקלחת,4 כיווני אוויר,נוף פתוח לים
ההסתדרות 113,3720000,NIS,https://www.yad2.co.il/realestate/item/xdzi5c3l?opened-from=feed&component-type=main_feed&spot=standard&location=14&pagination=46,גג/ פנטהאוז,5,6,167,חולון,רסקו א',"ממ""ד",3 כיווני אוויר,חניה
וינגייט 1,3190000,NIS,https://www.yad2.co.il/realestate/item/p43wsbj5?opened-from=feed&component-type=main_feed&spot=standard&location=15&pagination=46,דירה,3,1,84,תל אביב יפו,יד אליהו,"ממ""ד",חניה,חדש מקבלן
הקלרנית 4,3390000,NIS,https://www.yad2.co.il/realestate/item/8fwws48q?opened-from=feed&component-type=main_feed&spot=standard&location=16&pagination=46,דירה,5,3,120,ראשון לציון,נאות אשלים,"ממ""ד",נוף פתוח לפארק,חניה
אנשי בראשית 6,3230000,NIS,https://www.yad2.co.il/realestate/item/uh9uea5q?opened-from=feed&component-type=main_feed&spot=standard&location=17&pagination=46,דירה,4,2,128,הוד השרון,רמתיים,אחריי להתחדשות עירונית,"ממ""ד",חניה
יהושע אביטן 6,1300000,NIS,https://www.yad2.co.il/realestate/item/pwvt6yww?opened-from=feed&component-type=main_feed&spot=standard&location=18&pagination=46,דירה,7,2,180,בית שאן,מרכז העיר,"ממ""ד",נוף פתוח לעיר,בהזדמנות
טורקיז 23,1580000,NIS,https://www.yad2.co.il/realestate/item/ieum48m1?opened-from=feed&component-type=main_feed&spot=standard&location=19&pagination=46,דירה,5,1,114,חריש,אבני חן,"ממ""ד",נוף פתוח לעיר,חניה
הרקפת 127,5199999,NIS,https://www.yad2.co.il/realestate/item/zslty3fp?opened-from=feed&component-type=main_feed&spot=standard&location=20&pagination=46,בית פרטי/ קוטג',5,,250,ראשון לציון,שיכוני המזרח,3 כיווני אוויר,נוף פתוח לעיר,חניה
משה רינת 4,4750000,NIS,https://www.yad2.co.il/realestate/item/kw1j5w56?opened-from=feed&component-type=main_feed&spot=standard&location=1&pagination=47,דירה,6,1,154,חולון,קרית רבין,3 כיווני אוויר,חניה,חדש מקבלן
הציונות 67,4250001,NIS,https://www.yad2.co.il/realestate/item/f5x2fbs4?opened-from=feed&component-type=main_feed&spot=standard&location=2&pagination=47,דירת גן,5,,305,הסיטי,רובע הקריה,"ממ""ד",נוף פתוח לפארק,נכס עורפי
בורוכוב 19,2300000,NIS,https://www.yad2.co.il/realestate/item/toi9niox?opened-from=feed&component-type=main_feed&spot=standard&location=3&pagination=47,דירה,5,1,70,בני ברק,פרדס כץ,"ממ""ד",חניה,יחידת הורים
כנען 15,2560000,NIS,https://www.yad2.co.il/realestate/item/b4zffueq?opened-from=feed&component-type=main_feed&spot=standard&location=4&pagination=47,דירה,3,12,12,פרדס בחסכון,בית בפארק,"ממ""ד",נוף פתוח לפארק,חניה
האלמוג 14,2280000,NIS,https://www.yad2.co.il/realestate/item/bgkw4gwd?opened-from=feed&component-type=main_feed&spot=standard&location=5&pagination=47,דירה,4,,137,מעלה אדומים,נופי סלע,"ממ""ד",3 כיווני אוויר,חניה
בן ציון 22,3750000,NIS,https://www.yad2.co.il/realestate/item/9yj625yr?opened-from=feed&component-type=main_feed&spot=standard&location=6&pagination=47,דירה,5,4,85,ירושלים,גבעת שאול,2 מרפסות,3 כיווני אוויר,נוף פתוח לעיר
המגרסה 1,2730000,NIS,https://www.yad2.co.il/realestate/item/0h1mv8p0?opened-from=feed&component-type=main_feed&spot=standard&location=7&pagination=47,דירה,3,3,90,מבשרת ציון,המגרסה,"ממ""ד",נוף פתוח לפארק,חניה
החצב 23,7700000,NIS,https://www.yad2.co.il/realestate/item/udemet6p?opened-from=feed&component-type=main_feed&spot=standard&location=8&pagination=47,בית פרטי/ קוטג',5,,1040,ראש פינה,ראש פינה,3 מרפסות,3 חדרי מקלחת,4 כיווני אוויר
הרעות 1,6400000,NIS,https://www.yad2.co.il/realestate/item/s7yl3w4b?opened-from=feed&component-type=main_feed&spot=standard&location=9&pagination=47,בית פרטי/ קוטג',7,,250,נתניה,נוף הטיילת,3 חדרי מקלחת,3 כיווני אוויר,חניה
הצנחנים 20,2250000,NIS,https://www.yad2.co.il/realestate/item/6yj4qwe7?opened-from=feed&component-type=main_feed&spot=standard&location=10&pagination=47,דירה,5,5,160,נהריה,אריק שרון,2 מרפסות,3 חדרי מקלחת,חניה
מרגלית 517,4500000,NIS,https://www.yad2.co.il/realestate/item/cekv6a9g?opened-from=feed&component-type=main_feed&spot=standard&location=11&pagination=47,בית פרטי/ קוטג',10,,231,עדי,עדי,"ממ""ד",4 כיווני אוויר,חניה
סביון 1,1550000,NIS,https://www.yad2.co.il/realestate/item/ghz5h7dc?opened-from=feed&component-type=main_feed&spot=standard&location=12&pagination=47,דירה,5,2,133,אופקים,קרית מנחם,"ממ""ד",נוף פתוח לפארק,חניה
"הרא""ה 40",3190000,NIS,https://www.yad2.co.il/realestate/item/euv1rc51?opened-from=feed&component-type=main_feed&spot=standard&location=13&pagination=47,דירה,4,5,107,רמת גן,שכונת הלל,"ממ""ד",3 כיווני אוויר,חניה
"הרא""ה 150",2190000,NIS,https://www.yad2.co.il/realestate/item/8e1c9prp?opened-from=feed&component-type=main_feed&spot=standard&location=14&pagination=47,דירה,2,1,61,רמת גן,תל יהודה,"ממ""ד",נוף פתוח לעיר,חניה
שפרעם 3,830000,NIS,https://www.yad2.co.il/realestate/item/qv39563j?opened-from=feed&component-type=main_feed&spot=standard&location=15&pagination=47,גג/ פנטהאוז,2,3,47,חיפה,הרצליה,4 כיווני אוויר,קרוב לים,בניין משופץ
הקטורת 7,1990000,NIS,https://www.yad2.co.il/realestate/item/zc8i7ajo?opened-from=feed&component-type=main_feed&spot=standard&location=16&pagination=47,דירת גן,6,,165,מעלה לבונה,מעלה לבונה,4 כיווני אוויר,מטבח גדול,קרוב לפארק
שדרות הציונות 1,2000000,NIS,https://www.yad2.co.il/realestate/item/n3zojarw?opened-from=feed&component-type=main_feed&spot=standard&location=17&pagination=47,דירה,4,2,119,אשקלון,ברנע,"ממ""ד",3 כיווני אוויר,חניה
שדרות האלונים 24,2730000,NIS,https://www.yad2.co.il/realestate/item/7d7h6zrt?opened-from=feed&component-type=main_feed&spot=standard&location=18&pagination=47,דירה,4,2,110,באר יעקב,פארק המושבה,"ממ""ד",נוף פתוח לעיר,חניה
אלה 10,2730000,לא,https://www.yad2.co.il/realestate/item/c0fr45pm?opened-from=feed&component-type=main_feed&spot=standard&location=19&pagination=47,דירת גן,5,,280,חריש,החורש,"ממ""ד",3 כיווני אוויר,חניה
חיים חפר 9,3050000,NIS,https://www.yad2.co.il/realestate/item/toe19jiu?opened-from=feed&component-type=main_feed&spot=standard&location=20&pagination=47,דירה,5,13,125,ראשון לציון,הרקפות,"ממ""ד",נוף פתוח לים,חניה
שייקה אופיר 12,2520000,NIS,https://www.yad2.co.il/realestate/item/muxtpg6n?opened-from=feed&component-type=main_feed&spot=standard&location=1&pagination=48,דירה,4,7,112,ראש העין,פסגות אפק,2 מרפסות,"ממ""ד",חניה
בית אל 2,3500000,NIS,https://www.yad2.co.il/realestate/item/qirant5g?opened-from=feed&component-type=main_feed&spot=standard&location=2&pagination=48,דירה,4,6,98,תל אביב יפו,נווה שרת,"ממ""ד",נוף פתוח לפארק,חניה
"הרא""ה 236",5150000,NIS,https://www.yad2.co.il/realestate/item/4lhyuc8z?opened-from=feed&component-type=main_feed&spot=standard&location=3&pagination=48,דירת גן,4,,140,רמת גן,נגבה,2 מרפסות,נכס חדש,בניין משופץ
"רמב""ן 1",2850000,NIS,https://www.yad2.co.il/realestate/item/xcyb9us6?opened-from=feed&component-type=main_feed&spot=standard&location=4&pagination=48,דירה,5,4,12,נתניה,רמת חן ובן ציון,"ממ""ד",3 כיווני אוויר,חניה
משמר הגבול 15,2350000,NIS,https://www.yad2.co.il/realestate/item/b7xmeofq?opened-from=feed&component-type=main_feed&spot=standard&location=5&pagination=48,דירה,5,1,137,חדרה,הפארק,"ממ""ד",חניה,קרוב לפארק
יונתן רטוש 3,2800000,NIS,https://www.yad2.co.il/realestate/item/kuepw87t?opened-from=feed&component-type=main_feed&spot=standard&location=6&pagination=48,דירה,4,10,136,ראש העין,פסגות אפק,"ממ""ד",נוף פתוח לפארק,חניה
אליהו הנביא 54,2390000,NIS,https://www.yad2.co.il/realestate/item/30ve78ta?opened-from=feed&component-type=main_feed&spot=standard&location=7&pagination=48,דירה,3,8,103,ראש העין,פסגות אפק,"ממ""ד",נוף פתוח לפארק,חניה
עמק חפר 17,3550000,NIS,https://www.yad2.co.il/realestate/item/2q6mfrr7?opened-from=feed&component-type=main_feed&spot=standard&location=8&pagination=48,בית פרטי/ קוטג',7,,200,נתניה,צפון מזרח מרכז העיר,3 מרפסות,3 חדרי מקלחת,3 כיווני אוויר
המעגל 30,3094990,NIS,https://www.yad2.co.il/realestate/item/t3iogxla?opened-from=feed&component-type=main_feed&spot=standard&location=9&pagination=48,דירה,5,7,91,מרכז העיר א,שכונת חשמונאים,3 כיווני אוויר,נוף פתוח לעיר,חניה
קיזרמן נתן 4,1900000,NIS,https://www.yad2.co.il/realestate/item/qv51pmrr?opened-from=feed&component-type=main_feed&spot=standard&location=10&pagination=48,דירה,4,1,90,תחנת רכבת השמונה,שער פלמר,2 מרפסות,3 כיווני אוויר,נוף פתוח לעיר
יעקב תמרי 10,2550000,NIS,https://www.yad2.co.il/realestate/item/v9xa73u6?opened-from=feed&component-type=main_feed&spot=standard&location=11&pagination=48,דירה,4,16,108,רחובות,חצרות המושבה,"ממ""ד",נוף פתוח לעיר,חניה
שדרות מנחם בגין 1,1650000,NIS,https://www.yad2.co.il/realestate/item/hbe90on0?opened-from=feed&component-type=main_feed&spot=standard&location=12&pagination=48,דירה,2,6,65,חדרה,גבעת אולגה,נוף פתוח לים,חניה,קרוב לים
המרגלית 11,2100000,NIS,https://www.yad2.co.il/realestate/item/rqd08nip?opened-from=feed&component-type=main_feed&spot=standard&location=13&pagination=48,דירה,3,,65,ירושלים,גילה,בניין משופץ,חבל לפספס,בהזדמנות
שטרוק 7,4550000,NIS,https://www.yad2.co.il/realestate/item/jwweagkk?opened-from=feed&component-type=main_feed&spot=standard&location=14&pagination=48,דירה,2,,102,תל אביב יפו,הצפון החדש - דרום,"ממ""ד",חניה,חדש מקבלן
שדרות בן גוריון 5,2660000,NIS,https://www.yad2.co.il/realestate/item/v1cyqg5g?opened-from=feed&component-type=main_feed&spot=standard&location=15&pagination=48,דירה,5,3,135,ראש העין,פסגות אפק,"ממ""ד",נוף פתוח לפארק,חניה
דוד בן גוריון 4,3100000,NIS,https://www.yad2.co.il/realestate/item/i9n168nz?opened-from=feed&component-type=main_feed&spot=standard&location=16&pagination=48,דירה,4,3,112,גבעת שמואל,השכונה הוותיקה,3 כיווני אוויר,חניה,חדש מקבלן
הרב שלום שבזי 195,2750000,NIS,https://www.yad2.co.il/realestate/item/69dvuytk?opened-from=feed&component-type=main_feed&spot=standard&location=17&pagination=48,דירה,5,2,139,ראש העין,פסגות אפק,"ממ""ד",נוף פתוח לפארק,חניה
שדרות עמק חפר 17,2390000,NIS,https://www.yad2.co.il/realestate/item/qgeycsei?opened-from=feed&component-type=main_feed&spot=standard&location=18&pagination=48,דירת גן,4,1,170,אשקלון,שקמים ואגמים,3 כיווני אוויר,נוף פתוח לפארק,חניה
הגיא 70,2190000,NIS,https://www.yad2.co.il/realestate/item/brjgfqj4?opened-from=feed&component-type=main_feed&spot=standard&location=19&pagination=48,דירה,4,1,110,יקנעם עילית,שער הגיא,"ממ""ד",נוף פתוח לעיר,חניה
חצב 463,3890000,NIS,https://www.yad2.co.il/realestate/item/sfgm89os?opened-from=feed&component-type=main_feed&spot=standard&location=20&pagination=48,בית פרטי/ קוטג',6,,700,גן נר,גן נר,"ממ""ד",4 כיווני אוויר,חניה
שמורת נחל בשור 33,3050000,NIS,https://www.yad2.co.il/realestate/item/roq1tysb?opened-from=feed&component-type=main_feed&spot=standard&location=1&pagination=49,דירה,4,8,125,נתניה,אגמים,"ממ""ד",נוף פתוח לים,חניה
אסירי ציון 4,3440000,NIS,https://www.yad2.co.il/realestate/item/uzkowwag?opened-from=feed&component-type=main_feed&spot=standard&location=2&pagination=49,דירה,5,4,127,פתח תקווה,נווה גן,"ממ""ד",3 כיווני אוויר,חניה
שדרות יצחק בן צבי 25,3440000,לא,https://www.yad2.co.il/realestate/item/iabuo6da?opened-from=feed&component-type=main_feed&spot=standard&location=3&pagination=49,בית פרטי/ קוטג',6,,360,קדימה צורן,שאר העיר,4 מרפסות,3 כיווני אוויר,חניה
ההגנה 17,1300000,NIS,https://www.yad2.co.il/realestate/item/qls4dl2k?opened-from=feed&component-type=main_feed&spot=standard&location=4&pagination=49,דירת גן,3,,85,קרית ביאליק,ביאליק דרום,"ממ""ד",חניה,בניין משופץ
שניר 53,1300000,NIS,https://www.yad2.co.il/realestate/item/5wdup09t?opened-from=feed&component-type=main_feed&spot=standard&location=5&pagination=49,דירה,4,1,107,מעלות תרשיחא,סביונים,"ממ""ד",3 כיווני אוויר,חניה
"החיד""א 182",2000000,NIS,https://www.yad2.co.il/realestate/item/2ogxfo0r?opened-from=feed&component-type=main_feed&spot=standard&location=6&pagination=49,דירת גן,5,,230,נתיבות,קרית משה,"ממ""ד",יחידת הורים,בניין משופץ
מוטה גור 11,7250000,NIS,https://www.yad2.co.il/realestate/item/jutl5pnh?opened-from=feed&component-type=main_feed&spot=standard&location=7&pagination=49,גג/ פנטהאוז,5,12,300,חולון,קרית אילון,"ממ""ד",4 כיווני אוויר,חניה
שמואל הנביא 4,2950000,NIS,https://www.yad2.co.il/realestate/item/0nedg9va?opened-from=feed&component-type=main_feed&spot=standard&location=8&pagination=49,דירה,4,1,100,מודיעין מכבים רעות,הנביאים,"ממ""ד",נוף פתוח לעיר,חניה
ניצנים 1,3680000,NIS,https://www.yad2.co.il/realestate/item/pzzf2io1?opened-from=feed&component-type=main_feed&spot=standard&location=9&pagination=49,דו משפחתי,5,,250,בית אריה / עופרים,בית אריה / עופרים,3 חדרי מקלחת,"ממ""ד",3 כיווני אוויר
צור 5114,1390000,NIS,https://www.yad2.co.il/realestate/item/91fjd7mg?opened-from=feed&component-type=main_feed&spot=standard&location=10&pagination=49,דירה,4,2,88,מערב 2,אורים,ייחודי,חבל לפספס,בהזדמנות
עמק דותן 2,2740000,NIS,https://www.yad2.co.il/realestate/item/414zujn9?opened-from=feed&component-type=main_feed&spot=standard&location=11&pagination=49,דירה,5,1,104,הדרים החדשה,הדרים,"ממ""ד",חניה,נכס עורפי
לוי אשכול 16,3100000,NIS,https://www.yad2.co.il/realestate/item/p3ua1cr3?opened-from=feed&component-type=main_feed&spot=standard&location=12&pagination=49,דירה,4,5,108,רעננה,מרכז דרום,חניה,חדש מקבלן,בהזדמנות
נורית 260,6150000,NIS,https://www.yad2.co.il/realestate/item/ux0w363s?opened-from=feed&component-type=main_feed&spot=standard&location=13&pagination=49,בית פרטי/ קוטג',5,,630,צור הדסה,הוותיקה,4 חדרי מקלחת,4 כיווני אוויר,חניה
דוד רזיאל 1,1150000,NIS,https://www.yad2.co.il/realestate/item/3zlnasz2?opened-from=feed&component-type=main_feed&spot=standard&location=14&pagination=49,דירה,5,3,80,אשקלון,רמת אשכול,3 כיווני אוויר,נוף פתוח לעיר,בניין משופץ
דרך זאב ז'בוטינסקי 101,2520000,NIS,https://www.yad2.co.il/realestate/item/k1fpbw6m?opened-from=feed&component-type=main_feed&spot=standard&location=15&pagination=49,דירה,3,4,70,רמת גן,שכונת גפן,ייחודי,חבל לפספס,בהזדמנות
חיים ברלב 13,2520000,לא,https://www.yad2.co.il/realestate/item/8lk7reql?opened-from=feed&component-type=main_feed&spot=standard&location=16&pagination=49,גג/ פנטהאוז,5,9,180,אור יהודה,נווה סביון,2 מרפסות,3 כיווני אוויר,חניה
הגל 1,3750000,NIS,https://www.yad2.co.il/realestate/item/vnucv1uz?opened-from=feed&component-type=main_feed&spot=standard&location=17&pagination=49,גג/ פנטהאוז,6,4,260,טירת כרמל,החותרים,2 מרפסות,3 כיווני אוויר,חניה
רבי ינאי 20,3150000,NIS,https://www.yad2.co.il/realestate/item/enjunhb8?opened-from=feed&component-type=main_feed&spot=standard&location=18&pagination=49,דירה,5,1,155,בית שמש,גבעת שרת,4 חדרי מקלחת,"ממ""ד",חניה
לואי מרשל 11,5100000,NIS,https://www.yad2.co.il/realestate/item/8f10flls?opened-from=feed&component-type=main_feed&spot=standard&location=19&pagination=49,דירה,3,1,81,תל אביב יפו,הצפון החדש - צפון,"ממ""ד",חניה,חדש מקבלן
הכרמל 3,3950000,NIS,https://www.yad2.co.il/realestate/item/mnn48740?opened-from=feed&component-type=main_feed&spot=standard&location=20&pagination=49,דירת גן,5,,180,כפר סבא,קרית ספיר,"ממ""ד",נוף פתוח לעיר,חניה
דב שילנסקי 4,2900000,NIS,https://www.yad2.co.il/realestate/item/d3e3buc2?opened-from=feed&component-type=main_feed&spot=standard&location=1&pagination=50,דירה,5,12,120,נתניה,קרית נורדאו,"ממ""ד",נוף פתוח לעיר,חניה
מבוא גרופית 3,5830000,NIS,https://www.yad2.co.il/realestate/item/nsmiv8j4?opened-from=feed&component-type=main_feed&spot=standard&location=2&pagination=50,דירה,5,1,147,רמות צהלה,גני צהלה,"ממ""ד",חניה,חדש מקבלן
הדף היומי 602,4100000,NIS,https://www.yad2.co.il/realestate/item/tas7oboj?opened-from=feed&component-type=main_feed&spot=standard&location=3&pagination=50,דירה,4,1,135,ירושלים,רמות,3 כיווני אוויר,נוף פתוח לפארק,קרוב לפארק
אנפה 3,2650000,NIS,https://www.yad2.co.il/realestate/item/2hcxcnll?opened-from=feed&component-type=main_feed&spot=standard&location=4&pagination=50,דירה,4,3,125,צור הדסה,סנסן,"ממ""ד",3 כיווני אוויר,חניה
הרב קוק 43,2300000,NIS,https://www.yad2.co.il/realestate/item/0rdkruhq?opened-from=feed&component-type=main_feed&spot=standard&location=5&pagination=50,דירה,4,8,96,נתניה,צפון מערב מרכז העיר,3 כיווני אוויר,נוף פתוח לעיר,חניה
דרך הבשמים 142,3990000,NIS,https://www.yad2.co.il/realestate/item/w6zoa0g3?opened-from=feed&component-type=main_feed&spot=standard&location=6&pagination=50,דירת גן,5,,630,שחמון,הבשמים,4 חדרי מקלחת,3 כיווני אוויר,חניה
"כ""ט בנובמבר 10",2400000,NIS,https://www.yad2.co.il/realestate/item/ic7yvg0f?opened-from=feed&component-type=main_feed&spot=standard&location=7&pagination=50,דירה,5,3,140,אשקלון,ברנע,3 חדרי מקלחת,"ממ""ד",חניה
היסמין 29,3890000,NIS,https://www.yad2.co.il/realestate/item/mbdh76i8?opened-from=feed&component-type=main_feed&spot=standard&location=8&pagination=50,בית פרטי/ קוטג',5,,400,חדרה הצעירה,שמשון,4 חדרי מקלחת,חניה,מטבח גדול
תל חי 37,2290000,NIS,https://www.yad2.co.il/realestate/item/96togi8q?opened-from=feed&component-type=main_feed&spot=standard&location=9&pagination=50,דירה,5,3,80,כפר סבא,מרכז,נוף פתוח לעיר,חניה,בניין משופץ
"ד""ר ארליך 29",2970000,NIS,https://www.yad2.co.il/realestate/item/ry1akjds?opened-from=feed&component-type=main_feed&spot=standard&location=10&pagination=50,דירה,3,3,65,שיכוני חסכון,צהלון,"ממ""ד",נוף פתוח לפארק,חניה
מעיין 7,3000000,NIS,https://www.yad2.co.il/realestate/item/ws6sz2yz?opened-from=feed&component-type=main_feed&spot=standard&location=11&pagination=50,דירה,4,7,220,ראש העין,נופרים,"ממ""ד",3 כיווני אוויר,נוף פתוח לעיר
כלניות 12,5700000,NIS,https://www.yad2.co.il/realestate/item/lwnhd4f9?opened-from=feed&component-type=main_feed&spot=standard&location=12&pagination=50,בית פרטי/ קוטג',6,,661,כפר ביאליק,כפר ביאליק,2 מרפסות,3 כיווני אוויר,חניה
שוהם 68,1600000,NIS,https://www.yad2.co.il/realestate/item/nil34sug?opened-from=feed&component-type=main_feed&spot=standard&location=13&pagination=50,דירה,4,4,118,חריש,אבני חן,"ממ""ד",4 כיווני אוויר,חניה
הבר 26,3680000,NIS,https://www.yad2.co.il/realestate/item/bj7nsg6v?opened-from=feed&component-type=main_feed&spot=standard&location=14&pagination=50,דו משפחתי,5,,195,גן יבנה,גן יבנה מערב,"ממ""ד",3 כיווני אוויר,חניה
הצדיק משטפנשט 4,3680000,לא,https://www.yad2.co.il/realestate/item/6jg2cowo?opened-from=feed&component-type=main_feed&spot=standard&location=15&pagination=50,בית פרטי/ קוטג',5,,550,ירושלים,רמת שלמה,4 חדרי מקלחת,3 כיווני אוויר,חניה
שעורה 1,2515000,NIS,https://www.yad2.co.il/realestate/item/1565ibr1?opened-from=feed&component-type=main_feed&spot=standard&location=16&pagination=50,דירה,4,5,123,פרדס חנה כרכור,עמירם,"ממ""ד",נוף פתוח לעיר,חניה
חרמון 3,1500000,NIS,https://www.yad2.co.il/realestate/item/xangz43s?opened-from=feed&component-type=main_feed&spot=standard&location=17&pagination=50,דירה,4,2,10315,מעלות תרשיחא,אורנים,"ממ""ד",3 כיווני אוויר,חניה
אלברט איינשטיין 30,1500000,NIS,https://www.yad2.co.il/realestate/item/1g4yk9ak?opened-from=feed&component-type=main_feed&spot=standard&location=18&pagination=50,דירה,4,6,97,לוד,ממשלתית,נוף פתוח לעיר,חניה,גמיש במחיר
מגדים 19,4350000,NIS,https://www.yad2.co.il/realestate/item/z9tn0f3a?opened-from=feed&component-type=main_feed&spot=standard&location=19&pagination=50,בית פרטי/ קוטג',5,,220,ראש העין,מצפה אפק,"ממ""ד",נוף פתוח לעיר,בניין משופץ
תרשיש 10,2700000,NIS,https://www.yad2.co.il/realestate/item/uw8ya7ro?opened-from=feed&component-type=main_feed&spot=standard&location=20&pagination=50,בית פרטי/ קוטג',10,,429,קדומים,קדומים,3 כיווני אוויר,חבל לפספס,בהזדמנות
יצחק שדה 25,12500000,NIS,https://www.yad2.co.il/realestate/item/u7nknoe8?opened-from=feed&component-type=main_feed&spot=standard&location=1&pagination=51,בית פרטי/ קוטג',4,,1133,קרית אונו,הותיקה,4 כיווני אוויר,חבל לפספס,בהזדמנות
הגליל 9,3850000,NIS,https://www.yad2.co.il/realestate/item/n21bdo6e?opened-from=feed&component-type=main_feed&spot=standard&location=2&pagination=51,בית פרטי/ קוטג',5,,250,פרדס חנה כרכור,יובלים,3 חדרי מקלחת,3 כיווני אוויר,חניה
דגניה 63,9300000,NIS,https://www.yad2.co.il/realestate/item/igz5tbrc?opened-from=feed&component-type=main_feed&spot=standard&location=3&pagination=51,בית פרטי/ קוטג',8,,1059,פרדס חנה כרכור,קורן,4 חדרי מקלחת,4 כיווני אוויר,חניה
קרית ספר 1,1260000,NIS,https://www.yad2.co.il/realestate/item/61xmuans?opened-from=feed&component-type=main_feed&spot=standard&location=4&pagination=51,בית פרטי/ קוטג',5,,500,עתניאל,עתניאל,4 כיווני אוויר,נוף פתוח לפארק,חניה
הכבאים 1,4980000,NIS,https://www.yad2.co.il/realestate/item/yskp5qhc?opened-from=feed&component-type=main_feed&spot=standard&location=5&pagination=51,גג/ פנטהאוז,5,21,200,ערמונים,נווה יהושע,2 מרפסות,3 כיווני אוויר,חניה
משה שרת 40,1080000,NIS,https://www.yad2.co.il/realestate/item/tshiahzr?opened-from=feed&component-type=main_feed&spot=standard&location=6&pagination=51,דירה,4,8,80,באר שבע,"שכונה י""א",חניה,בניין משופץ,בהזדמנות
עולי הגרדום 64,1700000,NIS,https://www.yad2.co.il/realestate/item/jezudtkp?opened-from=feed&component-type=main_feed&spot=standard&location=7&pagination=51,בית פרטי/ קוטג',5,,250,אשקלון,גולדה,חניה,קרוב לפארק,בהזדמנות
כיכר דולב 5,5100000,NIS,https://www.yad2.co.il/realestate/item/t7x81sjl?opened-from=feed&component-type=main_feed&spot=standard&location=8&pagination=51,בית פרטי/ קוטג',6,,250,פתח תקווה,קרית אלון,3 מרפסות,3 כיווני אוויר,חניה
שאול טשרניחובסקי 60,2900000,NIS,https://www.yad2.co.il/realestate/item/vra50bpg?opened-from=feed&component-type=main_feed&spot=standard&location=9&pagination=51,דירה,4,4,116,רחובות,שעריים,3 כיווני אוויר,חניה,חדש מקבלן
הכובשים 97,5250000,NIS,https://www.yad2.co.il/realestate/item/zcw16vch?opened-from=feed&component-type=main_feed&spot=standard&location=10&pagination=51,דירת גן,5,,380,זכרון יעקב,מושבה מרכז,2 מרפסות,4 כיווני אוויר,חדש מקבלן
"ד""ר יוסף בורג 1",3050000,NIS,https://www.yad2.co.il/realestate/item/ch46ay2d?opened-from=feed&component-type=main_feed&spot=standard&location=11&pagination=51,דירה,5,10,143,נתניה,כוכב הצפון,"ממ""ד",חניה,חדש מקבלן
לוי אשכול 16,4000000,NIS,https://www.yad2.co.il/realestate/item/9u65j9ln?opened-from=feed&component-type=main_feed&spot=standard&location=12&pagination=51,גג/ פנטהאוז,4,6,110,רעננה,מרכז דרום,3 כיווני אוויר,חניה,חדש מקבלן
חלוצה 21,3100000,NIS,https://www.yad2.co.il/realestate/item/ibi9co9s?opened-from=feed&component-type=main_feed&spot=standard&location=13&pagination=51,בית פרטי/ קוטג',7,,740,מיתר / כרמית,שאר העיר,3 מרפסות,"ממ""ד",4 כיווני אוויר
הצדף 18,3880000,NIS,https://www.yad2.co.il/realestate/item/m9rfbzae?opened-from=feed&component-type=main_feed&spot=standard&location=14&pagination=51,דירה,6,20,163,יבנה,נאות רבין,3 חדרי מקלחת,3 כיווני אוויר,חניה
ההלכה 6,2790000,NIS,https://www.yad2.co.il/realestate/item/k1vlm3mk?opened-from=feed&component-type=main_feed&spot=standard&location=15&pagination=51,דירה,3,3,81,רמת גן,עליות,"ממ""ד",חניה,חדש מקבלן
ורדית 15,4300000,NIS,https://www.yad2.co.il/realestate/item/kcfibdne?opened-from=feed&component-type=main_feed&spot=standard&location=16&pagination=51,בית פרטי/ קוטג',6,,270,צור הדסה,סנסן,2 מרפסות,4 כיווני אוויר,חניה
"ד""ר מוסקוביץ' 13",2250000,NIS,https://www.yad2.co.il/realestate/item/ofpgnvdi?opened-from=feed&component-type=main_feed&spot=standard&location=17&pagination=51,דירה,5,4,117,רחובות,ב' / צפון מערב העיר,2 מרפסות,חניה,מטבח גדול
תמר שחר 7,1790000,NIS,https://www.yad2.co.il/realestate/item/qr90s54b?opened-from=feed&component-type=main_feed&spot=standard&location=18&pagination=51,מגרשים,1,1,500,באר שבע,כלניות,חניה,חדש מקבלן,קרוב לפארק
סמטת דולב 8,3000000,NIS,https://www.yad2.co.il/realestate/item/zlj2oc2d?opened-from=feed&component-type=main_feed&spot=standard&location=19&pagination=51,דירת גן,3,,80,קיסריה,הצמרות,"ממ""ד",3 כיווני אוויר,נוף פתוח לפארק
שדרות ירושלים 57,1015000,NIS,https://www.yad2.co.il/realestate/item/97he7huq?opened-from=feed&component-type=main_feed&spot=standard&location=20&pagination=51,דירה,4,7,87,באר שבע,שכונה ט',4 כיווני אוויר,נוף פתוח לפארק,בהזדמנות
חרצית 2,8950000,NIS,https://www.yad2.co.il/realestate/item/1601buca?opened-from=feed&component-type=main_feed&spot=standard&location=1&pagination=52,בית פרטי/ קוטג',7,,480,אבן יהודה,הנוטר,3 חדרי מקלחת,4 כיווני אוויר,חניה
השופטים 21,5220000,NIS,https://www.yad2.co.il/realestate/item/km9s8og0?opened-from=feed&component-type=main_feed&spot=standard&location=2&pagination=52,דו משפחתי,6,,345,פרדס חנה כרכור,תל שלום,3 חדרי מקלחת,3 כיווני אוויר,חניה
מטלון 78,3150000,NIS,https://www.yad2.co.il/realestate/item/vi0g6e80?opened-from=feed&component-type=main_feed&spot=standard&location=3&pagination=52,דירה,2,2,50,תל אביב יפו,נווה שאנן,"ממ""ד",נוף פתוח לעיר,חניה
ארלוזורוב 35,1300000,NIS,https://www.yad2.co.il/realestate/item/0qdk7v53?opened-from=feed&component-type=main_feed&spot=standard&location=4&pagination=52,דירת גן,4,,88,באר שבע,שכונה ג',ייחודי,חבל לפספס,בהזדמנות
כליל החורש 21,1770000,NIS,https://www.yad2.co.il/realestate/item/k9hox81y?opened-from=feed&component-type=main_feed&spot=standard&location=5&pagination=52,דירה,3,,124,נצרת עילית / נוף הגליל,הר יונה,"ממ""ד",חניה,בהזדמנות
נחל קנה 21,2380000,NIS,https://www.yad2.co.il/realestate/item/m6m22gvs?opened-from=feed&component-type=main_feed&spot=standard&location=6&pagination=52,דירת גן,4,1,180,צור יצחק,צור יצחק,"ממ""ד",3 כיווני אוויר,חניה
זוויתן 1,5750000,NIS,https://www.yad2.co.il/realestate/item/8sdnr7wp?opened-from=feed&component-type=main_feed&spot=standard&location=7&pagination=52,דו משפחתי,6,,300,אבן יהודה,המושבה הירוקה,2 מרפסות,3 חדרי מקלחת,3 כיווני אוויר
עיט 10,3450000,NIS,https://www.yad2.co.il/realestate/item/26i9po6h?opened-from=feed&component-type=main_feed&spot=standard&location=8&pagination=52,דירה,4,4,135,כפר סבא,כפר סבא הצעירה,"ממ""ד",3 כיווני אוויר,חניה
דרך אריק שרון 13,3960000,NIS,https://www.yad2.co.il/realestate/item/bkqbelq4?opened-from=feed&component-type=main_feed&spot=standard&location=9&pagination=52,דירה,6,3,200,חיפה,מעונות גאולה,3 חדרי מקלחת,חניה,חדש מקבלן
ירמוך 4,1650000,NIS,https://www.yad2.co.il/realestate/item/99n50ego?opened-from=feed&component-type=main_feed&spot=standard&location=10&pagination=52,דירת גן,3,,114,לוד,גני אביב,"ממ""ד",חניה,בהזדמנות
הכלנית 13,2090000,NIS,https://www.yad2.co.il/realestate/item/kc5x7jgi?opened-from=feed&component-type=main_feed&spot=standard&location=11&pagination=52,דירה,5,5,66,קרית אונו,המרכז,"ממ""ד",נוף פתוח לפארק,חניה
שדרות וייצמן 22,8000000,NIS,https://www.yad2.co.il/realestate/item/s5vl0euc?opened-from=feed&component-type=main_feed&spot=standard&location=12&pagination=52,גג/ פנטהאוז,4,1,200,רמת השרון,קרית יערים,2 מרפסות,3 חדרי מקלחת,4 כיווני אוויר
לבונה 1,3760000,NIS,https://www.yad2.co.il/realestate/item/ijcysstu?opened-from=feed&component-type=main_feed&spot=standard&location=13&pagination=52,בית פרטי/ קוטג',5,,440,נתיבות,החורש,2 מרפסות,4 כיווני אוויר,חניה
שוהם 84,2550000,NIS,https://www.yad2.co.il/realestate/item/4lzfhus5?opened-from=feed&component-type=main_feed&spot=standard&location=14&pagination=52,גג/ פנטהאוז,5,5,207,חריש,אבני חן,"ממ""ד",4 כיווני אוויר,חניה
וינגייט 1,2999999,NIS,https://www.yad2.co.il/realestate/item/9tv8r58g?opened-from=feed&component-type=main_feed&spot=standard&location=15&pagination=52,דירה,2,13,64,תל אביב יפו,יד אליהו,"ממ""ד",חניה,חדש מקבלן
ויתקין 12,2369000,NIS,https://www.yad2.co.il/realestate/item/9dbquq5m?opened-from=feed&component-type=main_feed&spot=standard&location=16&pagination=52,דירה,4,1,117,חיפה,אחוזה,3 כיווני אוויר,חניה,בהזדמנות
שדרות הרצל 10,2999000,NIS,https://www.yad2.co.il/realestate/item/7dco717f?opened-from=feed&component-type=main_feed&spot=standard&location=17&pagination=52,דירה,5,1,139,יבנה,נאות שמיר,"ממ""ד",חניה,נכס חדש
נתיבה בן יהודה 2,3620000,NIS,https://www.yad2.co.il/realestate/item/0en5t8un?opened-from=feed&component-type=main_feed&spot=standard&location=18&pagination=52,דו משפחתי,7,,293,עכו,האגרוף,3 חדרי מקלחת,"ממ""ד",חניה
המגדל הלבן 6,2420000,NIS,https://www.yad2.co.il/realestate/item/bw0zbnkn?opened-from=feed&component-type=main_feed&spot=standard&location=19&pagination=52,דירה,5,14,139,רמלה,שאר העיר,2 מרפסות,"ממ""ד",חניה
שדרות דרום אפריקה 64,4500000,NIS,https://www.yad2.co.il/realestate/item/ntvz3jvu?opened-from=feed&component-type=main_feed&spot=standard&location=20&pagination=52,דו משפחתי,5,,403,אשקלון,אפרידר,2 מרפסות,3 כיווני אוויר,חניה
היקינטון 5,290000,NIS,,מגרשים,5,,300,אורנית,אורנית,4 כיווני אוויר,נוף פתוח לפארק,נכס חדש
גרטרוד קראוס 10,2450000,NIS,https://www.yad2.co.il/realestate/item/ls45nzvx?opened-from=feed&component-type=main_feed&spot=standard&location=2&pagination=53,דירה,3,3,94,ירושלים,גבעת משואה,2 מרפסות,"ממ""ד",נוף פתוח לפארק
בצלאל 31,2650000,NIS,https://www.yad2.co.il/realestate/item/iw4gq0cb?opened-from=feed&component-type=main_feed&spot=standard&location=3&pagination=53,דירה,4,20,270,באר שבע,שכונה ב',2 מרפסות,3 חדרי מקלחת,חניה
משה וילנסקי 9,3400000,NIS,https://www.yad2.co.il/realestate/item/b5qff3j8?opened-from=feed&component-type=main_feed&spot=standard&location=4&pagination=53,דירה,4,2,112,כפר סבא,הזמר העברי,3 חדרי מקלחת,"ממ""ד",חניה
שלמה בן יוסף 23,5950000,NIS,https://www.yad2.co.il/realestate/item/burxs97s?opened-from=feed&component-type=main_feed&spot=standard&location=5&pagination=53,דירה,3,9,127,תל אביב יפו,רמת אביב ג',3 כיווני אוויר,נוף פתוח לים,חניה
יסמין 13,10500000,NIS,https://www.yad2.co.il/realestate/item/lqktyqyn?opened-from=feed&component-type=main_feed&spot=standard&location=6&pagination=53,בית פרטי/ קוטג',7,,340,שילת,שילת,2 מרפסות,3 חדרי מקלחת,4 כיווני אוויר
כפר רות,10500000,לא,https://www.yad2.co.il/realestate/item/wshrw854?opened-from=feed&component-type=main_feed&spot=standard&location=7&pagination=53,משק חקלאי/ נחלה,3,,34000,כפר רות,כפר רות,3 מרפסות,4 כיווני אוויר,נוף פתוח לפארק
טשרניחובסקי 12,1830000,NIS,https://www.yad2.co.il/realestate/item/oyuvaqcr?opened-from=feed&component-type=main_feed&spot=standard&location=8&pagination=53,דירה,5,3,82,בת ים,לב העיר,קרוב לים,חבל לפספס,בהזדמנות
בריגדיר קיש 23,2555000,NIS,https://www.yad2.co.il/realestate/item/p7rmylhp?opened-from=feed&component-type=main_feed&spot=standard&location=9&pagination=53,דירה,4,5,94,פתח תקווה,שעריה,"ממ""ד",חניה,חדש מקבלן
אלפרט 3,5490000,NIS,https://www.yad2.co.il/realestate/item/kti4kmk6?opened-from=feed&component-type=main_feed&spot=standard&location=10&pagination=53,בית פרטי/ קוטג',7,,250,יהוד מונוסון,קרית ביאליסטוק,2 מרפסות,3 חדרי מקלחת,3 כיווני אוויר
רחבת צפת 2,1080000,NIS,https://www.yad2.co.il/realestate/item/85h3xcz4?opened-from=feed&component-type=main_feed&spot=standard&location=11&pagination=53,דירה,3,4,80,באר שבע,שכונה ט',3 כיווני אוויר,נוף פתוח לפארק,נכס עורפי
שתולים 61,3450000,NIS,https://www.yad2.co.il/realestate/item/9usrbes6?opened-from=feed&component-type=main_feed&spot=standard&location=12&pagination=53,דירה,4,5,110,הארגזים,עזרא,"ממ""ד",3 כיווני אוויר,חניה
יוסף ספיר 25,3950000,NIS,https://www.yad2.co.il/realestate/item/0et2mhjn?opened-from=feed&component-type=main_feed&spot=standard&location=13&pagination=53,דופלקס,5,9,203,פתח תקווה,שיפר,2 מרפסות,4 חדרי מקלחת,חדש מקבלן
יפת 165,3990000,NIS,https://www.yad2.co.il/realestate/item/cksoczcx?opened-from=feed&component-type=main_feed&spot=standard&location=14&pagination=53,דירה,4,6,112,יפו ג',נווה גולן,2 מרפסות,"ממ""ד",נוף פתוח לים
קאפח 5,3550000,NIS,https://www.yad2.co.il/realestate/item/w5xcfs3p?opened-from=feed&component-type=main_feed&spot=standard&location=15&pagination=53,דירה,5,6,119,ראשון לציון,נאות שקמה,"ממ""ד",3 כיווני אוויר,חניה
המשוררת 2,1200000,NIS,https://www.yad2.co.il/realestate/item/y9uxngru?opened-from=feed&component-type=main_feed&spot=standard&location=16&pagination=53,דירה,5,1,109,ירוחם,אירוס,חניה,נכס חדש,יחידת הורים
פרץ ברנשטיין 7,1300000,NIS,https://www.yad2.co.il/realestate/item/tellkymq?opened-from=feed&component-type=main_feed&spot=standard&location=17&pagination=53,תיירות ונופש,2,5,55,רמת גן,שיכון צנחנים,נוף פתוח לפארק,חבל לפספס,בהזדמנות
הרקפת 5,5300000,NIS,https://www.yad2.co.il/realestate/item/ie4wwx5u?opened-from=feed&component-type=main_feed&spot=standard&location=18&pagination=53,בית פרטי/ קוטג',8,,200,בית דגן,בית דגן,3 מרפסות,4 חדרי מקלחת,חניה
צדפים 1,2490000,NIS,https://www.yad2.co.il/realestate/item/bwzjcqp3?opened-from=feed&component-type=main_feed&spot=standard&location=19&pagination=53,דירה,4,2,161,אשקלון,עיר ימים / הבלוט,"ממ""ד",3 כיווני אוויר,חניה
ד'יזרעאלי 12,3490000,NIS,https://www.yad2.co.il/realestate/item/j6u7vtyg?opened-from=feed&component-type=main_feed&spot=standard&location=20&pagination=53,בית פרטי/ קוטג',5,,500,אשקלון,ברנע,2 מרפסות,3 חדרי מקלחת,חניה
תוצרת הארץ 5,6300000,NIS,https://www.yad2.co.il/realestate/item/4iz45v40?opened-from=feed&component-type=main_feed&spot=standard&location=1&pagination=54,תיירות ונופש,4,31,125,תל אביב יפו,נחלת יצחק,3 כיווני אוויר,חניה,חדש מקבלן
שמעיה 14,2330000,NIS,https://www.yad2.co.il/realestate/item/23gxil0c?opened-from=feed&component-type=main_feed&spot=standard&location=2&pagination=54,דירה,4,1,108,,אלעד,"ממ""ד",נוף פתוח לעיר,חניה
אלמוג 13,2690000,NIS,https://www.yad2.co.il/realestate/item/oh22ha3f?opened-from=feed&component-type=main_feed&spot=standard&location=3&pagination=54,דירת גן,5,,225,נצרת עילית / נוף הגליל,הר יונה,"ממ""ד",נוף פתוח לעיר,חניה
שדרות יד לבנים 23,3000000,NIS,https://www.yad2.co.il/realestate/item/a5ee2l2b?opened-from=feed&component-type=main_feed&spot=standard&location=4&pagination=54,דירה,3,2,60,תל אביב יפו,יד אליהו,"ממ""ד",נוף פתוח לפארק,חניה
ההגנה 746,780000,NIS,https://www.yad2.co.il/realestate/item/vu30b13d?opened-from=feed&component-type=main_feed&spot=standard&location=5&pagination=54,דירה,4,1,75,ירוחם,אלי כהן,חניה,יחידת הורים,בניין משופץ
נחל הבשור 13,780000,לא,https://www.yad2.co.il/realestate/item/ft39hi8k?opened-from=feed&component-type=main_feed&spot=standard&location=6&pagination=54,בית פרטי/ קוטג',5,,464,אופקים,הפארק,"ממ""ד",4 כיווני אוויר,חניה
הרצל 1,1500000,NIS,,מגרשים,5,,500,גדרה,שאר העיר,4 כיווני אוויר,נכס חדש,בהזדמנות
שמשון זליג 1,3970000,NIS,https://www.yad2.co.il/realestate/item/wplsk1i7?opened-from=feed&component-type=main_feed&spot=standard&location=8&pagination=54,דירה,5,10,147,ראשון לציון,האירוס,"ממ""ד",נוף פתוח לעיר,חניה
נופך 36,1890000,NIS,https://www.yad2.co.il/realestate/item/rxtl7x15?opened-from=feed&component-type=main_feed&spot=standard&location=9&pagination=54,דירה,4,1,108,קרית גת,כרמי גת,"ממ""ד",חניה,חדש מקבלן
מרים הנביאה 21,3290000,NIS,https://www.yad2.co.il/realestate/item/kzg3itfl?opened-from=feed&component-type=main_feed&spot=standard&location=10&pagination=54,דירה,5,5,163,ראש העין,פסגות אפק,"ממ""ד",נוף פתוח לפארק,חניה
דרך בית לחם 158,3650000,NIS,https://www.yad2.co.il/realestate/item/2ukic8ht?opened-from=feed&component-type=main_feed&spot=standard&location=11&pagination=54,דירה,4,2,97,ירושלים,תלפיות תעשיה ומסחר,"ממ""ד",חניה,נכס חדש
צלילי חנינא 11,2590000,NIS,https://www.yad2.co.il/realestate/item/sg0yw9ew?opened-from=feed&component-type=main_feed&spot=standard&location=12&pagination=54,דירה,5,1,80,תל אביב יפו,ניר אביב,"ממ""ד",חניה,בניין משופץ
משעול אלונים 22,1450000,NIS,https://www.yad2.co.il/realestate/item/soj470ic?opened-from=feed&component-type=main_feed&spot=standard&location=13&pagination=54,דירה,4,3,115,שדרות,נאות יצחק רבין,"ממ""ד",3 כיווני אוויר,חניה
אליהו הנביא 14,1820000,NIS,https://www.yad2.co.il/realestate/item/duyrtfa8?opened-from=feed&component-type=main_feed&spot=standard&location=14&pagination=54,דירה,5,3,180,קרית אתא,בית וגן,"ממ""ד",3 כיווני אוויר,חניה
זלדה 5,1180000,NIS,https://www.yad2.co.il/realestate/item/c2oebr3x?opened-from=feed&component-type=main_feed&spot=standard&location=15&pagination=54,דירה,5,1,114,ירוחם,אירוס,"ממ""ד",חניה,נכס חדש
דוד מאיר גוטמן 8,1684000,NIS,https://www.yad2.co.il/realestate/item/saj47c3q?opened-from=feed&component-type=main_feed&spot=standard&location=16&pagination=54,דירה,5,2,58,פתח תקווה,לב המושבה / מרכז העיר,נוף פתוח לעיר,חבל לפספס,בהזדמנות
העמדות 2,2760000,NIS,https://www.yad2.co.il/realestate/item/vptbdeak?opened-from=feed&component-type=main_feed&spot=standard&location=17&pagination=54,דירה,4,3,117,בת ים,הגבול רוטשילד,3 כיווני אוויר,חניה,חדש מקבלן
"הפלמ""ח 19",6500000,NIS,https://www.yad2.co.il/realestate/item/1ofcrl2e?opened-from=feed&component-type=main_feed&spot=standard&location=18&pagination=54,בית פרטי/ קוטג',3,,725,אור יהודה,הראשונים,ייחודי,חבל לפספס,בהזדמנות
קלע,5500000,NIS,https://www.yad2.co.il/realestate/item/yn9lw1ts?opened-from=feed&component-type=main_feed&spot=standard&location=19&pagination=54,בית פרטי/ קוטג',5,,890,קלע,קלע,4 חדרי מקלחת,4 כיווני אוויר,חניה
יובלים 4,8490000,NIS,https://www.yad2.co.il/realestate/item/tv8jn6x8?opened-from=feed&component-type=main_feed&spot=standard&location=20&pagination=54,גג/ פנטהאוז,6,16,290,ראשון לציון,האירוס,2 מרפסות,3 כיווני אוויר,חניה
קרן היסוד 5,1890000,NIS,https://www.yad2.co.il/realestate/item/fkwl04dm?opened-from=feed&component-type=main_feed&spot=standard&location=1&pagination=55,גג/ פנטהאוז,5,6,137,מרכז העיר,עיר,"ממ""ד",3 כיווני אוויר,חניה
משה לוי 5,2060000,NIS,https://www.yad2.co.il/realestate/item/0q72az6d?opened-from=feed&component-type=main_feed&spot=standard&location=2&pagination=55,דירה,3,18,95,רמלה,נאות שמיר,נכס חדש,חבל לפספס,בהזדמנות
ה' באייר 38,2060000,NIS,https://www.yad2.co.il/realestate/item/1d3110v9?opened-from=feed&component-type=main_feed&spot=standard&location=3&pagination=55,דירה,4,2,90,ראש העין,נווה אפק,נוף פתוח לעיר,חניה,בניין משופץ
הרצל 64,2680000,NIS,https://www.yad2.co.il/realestate/item/xtqncwdw?opened-from=feed&component-type=main_feed&spot=standard&location=4&pagination=55,דירה,5,5,125,פתח תקווה,המרכז השקט / מרכז העיר,3 כיווני אוויר,חניה,נכס עורפי
הכשרת היישוב 23,4730000,NIS,https://www.yad2.co.il/realestate/item/17cces7q?opened-from=feed&component-type=main_feed&spot=standard&location=5&pagination=55,בית פרטי/ קוטג',5,,250,חיפה,סביוני הכרמל,3 חדרי מקלחת,3 כיווני אוויר,חניה
אקסודוס 10,1150000,NIS,https://www.yad2.co.il/realestate/item/actfu9ko?opened-from=feed&component-type=main_feed&spot=standard&location=6&pagination=55,דירה,3,2,71,קרית גת,ההעפלה,נוף פתוח לפארק,קרוב לפארק,בהזדמנות
השיקמים 1,3300000,NIS,https://www.yad2.co.il/realestate/item/ih249d65?opened-from=feed&component-type=main_feed&spot=standard&location=7&pagination=55,גג/ פנטהאוז,5,18,220,אור עקיבא,"נוף ים - מע""ר",3 מרפסות,3 חדרי מקלחת,חניה
שדרות עמק חפר 20,1695000,NIS,https://www.yad2.co.il/realestate/item/ggiq5hrz?opened-from=feed&component-type=main_feed&spot=standard&location=8&pagination=55,דירה,4,7,114,אשקלון,שקמים ואגמים,"ממ""ד",4 כיווני אוויר,חניה
משה קהירי 13,1495000,NIS,https://www.yad2.co.il/realestate/item/9zee5zh4?opened-from=feed&component-type=main_feed&spot=standard&location=9&pagination=55,דירה,4,4,127,באר שבע,רמות הרכס,"ממ""ד",חניה,נכס חדש
דרך הבשמים 80,2500000,NIS,https://www.yad2.co.il/realestate/item/rru9uqkc?opened-from=feed&component-type=main_feed&spot=standard&location=10&pagination=55,מגרשים,6,,380,שחמון,הבשמים,2 מרפסות,4 חדרי מקלחת,חדש מקבלן
אליהו הנביא 44,2670000,NIS,https://www.yad2.co.il/realestate/item/rng2qv63?opened-from=feed&component-type=main_feed&spot=standard&location=11&pagination=55,דירה,5,4,154,ראש העין,פסגות אפק,"ממ""ד",נוף פתוח לפארק,חניה
כינרת 1,2350000,NIS,https://www.yad2.co.il/realestate/item/2tm2hhwt?opened-from=feed&component-type=main_feed&spot=standard&location=12&pagination=55,דו משפחתי,4,,220,אשקלון,נווה דקלים,2 מרפסות,3 כיווני אוויר,חניה
שדרות מנחם בגין 15,1250000,NIS,https://www.yad2.co.il/realestate/item/0lqwgtsj?opened-from=feed&component-type=main_feed&spot=standard&location=13&pagination=55,דירה,3,3,140,אשקלון,נווה דקלים,נוף פתוח לפארק,בניין משופץ,קרוב לפארק
וולטה עילית 9,3200000,NIS,https://www.yad2.co.il/realestate/item/mn2umyj5?opened-from=feed&component-type=main_feed&spot=standard&location=14&pagination=55,דירה,5,3,107,ירושלים,קרית היובל,4 כיווני אוויר,נוף פתוח לפארק,בהזדמנות
שדרות גולדה מאיר 11,1750000,NIS,https://www.yad2.co.il/realestate/item/xul45ahc?opened-from=feed&component-type=main_feed&spot=standard&location=15&pagination=55,דירה,3,3,70,נתניה,קרית נורדאו,3 כיווני אוויר,נוף פתוח לפארק,חניה
יונה הנביא 7,3290000,NIS,https://www.yad2.co.il/realestate/item/58g1q99x?opened-from=feed&component-type=main_feed&spot=standard&location=16&pagination=55,דירה,4,2,130,מודיעין מכבים רעות,הנביאים,2 מרפסות,"ממ""ד",חניה
צאלון 13,5700000,NIS,https://www.yad2.co.il/realestate/item/088oj2o7?opened-from=feed&component-type=main_feed&spot=standard&location=17&pagination=55,בית פרטי/ קוטג',9,,500,באר שבע,נווה נוי,4 חדרי מקלחת,4 כיווני אוויר,חניה
משה שרת 9,2690000,NIS,https://www.yad2.co.il/realestate/item/w58tj9ps?opened-from=feed&component-type=main_feed&spot=standard&location=18&pagination=55,דירה,4,1,111,כפר סבא,מרכז,,,
יוסף הגלילי 22,4990000,NIS,https://www.yad2.co.il/realestate/item/v32x0o8z?opened-from=feed&component-type=main_feed&spot=standard&location=19&pagination=55,דירה,5,27,130,מרכז העיר ג',שכונת בן גוריון,"ממ""ד",נוף פתוח לעיר,חניה
החרמון 26,5350000,NIS,https://www.yad2.co.il/realestate/item/ppzjnp4b?opened-from=feed&component-type=main_feed&spot=standard&location=20&pagination=55,דו משפחתי,5,,700,באר יעקב,המושבה,2 מרפסות,3 חדרי מקלחת,3 כיווני אוויר
אקסודוס 10,1150000,NIS,https://www.yad2.co.il/realestate/item/actfu9ko?opened-from=feed&component-type=main_feed&spot=standard&location=1&pagination=56,דירה,3,2,71,קרית גת,ההעפלה,נוף פתוח לפארק,קרוב לפארק,בהזדמנות
השיקמים 1,3300000,NIS,https://www.yad2.co.il/realestate/item/ih249d65?opened-from=feed&component-type=main_feed&spot=standard&location=2&pagination=56,גג/ פנטהאוז,5,18,220,אור עקיבא,"נוף ים - מע""ר",3 מרפסות,3 חדרי מקלחת,חניה
שדרות עמק חפר 20,1695000,NIS,https://www.yad2.co.il/realestate/item/ggiq5hrz?opened-from=feed&component-type=main_feed&spot=standard&location=3&pagination=56,דירה,4,7,114,אשקלון,שקמים ואגמים,"ממ""ד",4 כיווני אוויר,חניה
משה קהירי 13,1495000,NIS,https://www.yad2.co.il/realestate/item/9zee5zh4?opened-from=feed&component-type=main_feed&spot=standard&location=4&pagination=56,דירה,4,4,127,באר שבע,רמות הרכס,"ממ""ד",חניה,נכס חדש
דרך הבשמים 80,2500000,NIS,https://www.yad2.co.il/realestate/item/rru9uqkc?opened-from=feed&component-type=main_feed&spot=standard&location=5&pagination=56,מגרשים,6,,380,שחמון,הבשמים,2 מרפסות,4 חדרי מקלחת,חדש מקבלן
אליהו הנביא 44,2670000,NIS,https://www.yad2.co.il/realestate/item/rng2qv63?opened-from=feed&component-type=main_feed&spot=standard&location=6&pagination=56,דירה,5,4,154,ראש העין,פסגות אפק,"ממ""ד",נוף פתוח לפארק,חניה
כינרת 1,2350000,NIS,https://www.yad2.co.il/realestate/item/2tm2hhwt?opened-from=feed&component-type=main_feed&spot=standard&location=7&pagination=56,דו משפחתי,4,,220,אשקלון,נווה דקלים,2 מרפסות,3 כיווני אוויר,חניה
שדרות מנחם בגין 15,1250000,NIS,https://www.yad2.co.il/realestate/item/0lqwgtsj?opened-from=feed&component-type=main_feed&spot=standard&location=8&pagination=56,דירה,3,3,140,אשקלון,נווה דקלים,נוף פתוח לפארק,בניין משופץ,קרוב לפארק
וולטה עילית 9,3200000,NIS,https://www.yad2.co.il/realestate/item/mn2umyj5?opened-from=feed&component-type=main_feed&spot=standard&location=9&pagination=56,דירה,5,3,107,ירושלים,קרית היובל,4 כיווני אוויר,נוף פתוח לפארק,בהזדמנות
שדרות גולדה מאיר 11,1750000,NIS,https://www.yad2.co.il/realestate/item/xul45ahc?opened-from=feed&component-type=main_feed&spot=standard&location=10&pagination=56,דירה,3,3,70,נתניה,קרית נורדאו,3 כיווני אוויר,נוף פתוח לפארק,חניה
יונה הנביא 7,3290000,NIS,https://www.yad2.co.il/realestate/item/58g1q99x?opened-from=feed&component-type=main_feed&spot=standard&location=11&pagination=56,דירה,4,2,130,מודיעין מכבים רעות,הנביאים,2 מרפסות,"ממ""ד",חניה
נתן אלתרמן 6,2410000,NIS,https://www.yad2.co.il/realestate/item/zx2bfuxn?opened-from=feed&component-type=main_feed&spot=standard&location=12&pagination=56,דירה,3,2,90,רחובות,רחובות החדשה,"ממ""ד",נוף פתוח לעיר,חניה
רבי דוד דנינו 5,1790000,NIS,https://www.yad2.co.il/realestate/item/q5oe7y9h?opened-from=feed&component-type=main_feed&spot=standard&location=13&pagination=56,דירה,4,12,112,קרית גת,הפרחים,"ממ""ד",נוף פתוח לעיר,חניה
יהושע רבינוביץ 78,2970000,NIS,https://www.yad2.co.il/realestate/item/a6ileznu?opened-from=feed&component-type=main_feed&spot=standard&location=14&pagination=56,דירה,5,1,100,חולון,בן גוריון,"ממ""ד",3 כיווני אוויר,חניה
הגפן 62,15500000,NIS,https://www.yad2.co.il/realestate/item/kwfrb79y?opened-from=feed&component-type=main_feed&spot=standard&location=15&pagination=56,בית פרטי/ קוטג',5,,780,רמת השרון,נווה מגן,"ממ""ד",3 כיווני אוויר,חניה
הכרמל 4,1550000,NIS,https://www.yad2.co.il/realestate/item/0t34e67n?opened-from=feed&component-type=main_feed&spot=standard&location=16&pagination=56,דירה,3,1,96,רמלה,נאות יצחק רבין,2 מרפסות,3 כיווני אוויר,נוף פתוח לעיר
נגבה 13,3780000,NIS,https://www.yad2.co.il/realestate/item/g51h28cw?opened-from=feed&component-type=main_feed&spot=standard&location=17&pagination=56,דירה,4,6,122,תל אביב יפו,יד אליהו,"ממ""ד",נוף פתוח לעיר,חניה
נחל קנה 1,111111111,NIS,https://www.yad2.co.il/realestate/item/ozniy4fi?opened-from=feed&component-type=main_feed&spot=standard&location=18&pagination=56,בית פרטי/ קוטג',6,,600,הוד השרון,שאר העיר,4 חדרי מקלחת,4 כיווני אוויר,חניה
הנוף 11,17800000,NIS,https://www.yad2.co.il/realestate/item/o1pdlami?opened-from=feed&component-type=main_feed&spot=standard&location=19&pagination=56,בית פרטי/ קוטג',7,,1204,סביון,סביון,3 מרפסות,4 חדרי מקלחת,חניה
עבאס 28,1150000,NIS,,מגרשים,7,,170,חיפה,עבאס,נוף פתוח לים,חבל לפספס,בהזדמנות
בן יהודה 33,1050000,NIS,,משק חקלאי/ נחלה,7,,250,כפר סבא,צפון,4 כיווני אוויר,נוף פתוח לפארק,נכס חדש
וייצמן 16,81594800,NIS,https://www.yad2.co.il/realestate/item/3tisrgd7?opened-from=feed&component-type=main_feed&spot=standard&location=2&pagination=57,בניין מגורים,12,,1892,גבעתיים,"הל""ה",4 חדרי מקלחת,3 כיווני אוויר,חדש מקבלן
דרך שלמה 58,4630000,NIS,https://www.yad2.co.il/realestate/item/uwrthajm?opened-from=feed&component-type=main_feed&spot=standard&location=3&pagination=57,דירה,3,1,80,אזור המלאכה יפו,גבעת הרצל,2 מרפסות,חניה,חדש מקבלן
דרך שלמה 58,5690000,NIS,https://www.yad2.co.il/realestate/item/ss7icyh7?opened-from=feed&component-type=main_feed&spot=standard&location=4&pagination=57,דירה,4,2,109,אזור המלאכה יפו,גבעת הרצל,3 חדרי מקלחת,חניה,חדש מקבלן
שדרות ירושלים 14,7500000,NIS,https://www.yad2.co.il/realestate/item/yptlpzfe?opened-from=feed&component-type=main_feed&spot=standard&location=5&pagination=57,גג/ פנטהאוז,5,27,370,אשדוד,"הקריה מע""ר",2 מרפסות,חניה,חדש מקבלן
לוד 7,14000000,NIS,https://www.yad2.co.il/realestate/item/nblzs3ih?opened-from=feed&component-type=main_feed&spot=standard&location=6&pagination=57,בית פרטי/ קוטג',10,,260,שערי חסד,נחלאות,4 חדרי מקלחת,3 כיווני אוויר,נוף פתוח לפארק
יוספטל 92,3050000,NIS,https://www.yad2.co.il/realestate/item/5nnbadj2?opened-from=feed&component-type=main_feed&spot=standard&location=7&pagination=57,דירה,4,3,114,בת ים,רמת הנשיא,"ממ""ד",חניה,חדש מקבלן
יוספטל 92,3340000,NIS,https://www.yad2.co.il/realestate/item/eskc5dtk?opened-from=feed&component-type=main_feed&spot=standard&location=8&pagination=57,דירה,4,9,123,בת ים,רמת הנשיא,"ממ""ד",חניה,חדש מקבלן
יוספטל 92,3170000,NIS,https://www.yad2.co.il/realestate/item/aicn2ubx?opened-from=feed&component-type=main_feed&spot=standard&location=9&pagination=57,דירה,4,2,123,בת ים,רמת הנשיא,"ממ""ד",חניה,חדש מקבלן
דרך ששת הימים 95,2970000,NIS,https://www.yad2.co.il/realestate/item/it5gc5j4?opened-from=feed&component-type=main_feed&spot=standard&location=10&pagination=57,דירה,5,6,133,רחובות,סלע,"ממ""ד",חניה,חדש מקבלן
הירקון 36,18000000,NIS,https://www.yad2.co.il/realestate/item/e31wr524?opened-from=feed&component-type=main_feed&spot=standard&location=11&pagination=57,גג/ פנטהאוז,6,3,290,תל אביב יפו,כרם התימנים,3 חדרי מקלחת,4 כיווני אוויר,חניה
רימון 3,6790000,NIS,https://www.yad2.co.il/realestate/item/dduqxhiz?opened-from=feed&component-type=main_feed&spot=standard&location=12&pagination=57,גג/ פנטהאוז,7,2,476,אבן יהודה,אזור תעשיה,4 חדרי מקלחת,3 כיווני אוויר,חדש מקבלן
מרכז בעלי מלאכה 12,13000000,NIS,https://www.yad2.co.il/realestate/item/32parg78?opened-from=feed&component-type=main_feed&spot=standard&location=13&pagination=57,דירת גן,5,,280,לב העיר צפון,לב תל אביב,"ממ""ד",חניה,חדש מקבלן
לבונטין 26,3050000,NIS,https://www.yad2.co.il/realestate/item/od7jdtbn?opened-from=feed&component-type=main_feed&spot=standard&location=14&pagination=57,דירה,2,5,47,לב העיר צפון,לב תל אביב,"ממ""ד",נוף פתוח לעיר,נכס חדש
לבונטין 26,3700000,NIS,https://www.yad2.co.il/realestate/item/1xu5cfhx?opened-from=feed&component-type=main_feed&spot=standard&location=15&pagination=57,מרתף/ פרטר,2,,72,לב העיר צפון,לב תל אביב,"ממ""ד",נכס חדש,בהזדמנות
לבונטין 26,3800000,NIS,https://www.yad2.co.il/realestate/item/sumqzsqu?opened-from=feed&component-type=main_feed&spot=standard&location=16&pagination=57,דירה,2,,57,לב העיר צפון,לב תל אביב,"ממ""ד",נכס חדש,בהזדמנות
אחאב 4,3490000,NIS,https://www.yad2.co.il/realestate/item/rrenjbpr?opened-from=feed&component-type=main_feed&spot=standard&location=17&pagination=57,דירה,4,5,117,קרית אונו,המרכז,"ממ""ד",נוף פתוח לים,חדש מקבלן
בן שמן 1,2980000,NIS,https://www.yad2.co.il/realestate/item/i1l4h1qj?opened-from=feed&component-type=main_feed&spot=standard&location=18&pagination=57,גג/ פנטהאוז,5,7,124,לוד,גני יער,"ממ""ד",חניה,חדש מקבלן
בלוך 10,2980000,לא,https://www.yad2.co.il/realestate/item/yz5563lh?opened-from=feed&component-type=main_feed&spot=standard&location=19&pagination=57,דירת גן,4,1,1,תל אביב יפו,הצפון החדש - דרום,חניה,חדש מקבלן,בהזדמנות
שדרות נורדאו 78,10900000,NIS,https://www.yad2.co.il/realestate/item/6hgk8sgp?opened-from=feed&component-type=main_feed&spot=standard&location=20&pagination=57,גג/ פנטהאוז,5,5,130,תל אביב יפו,הצפון הישן - צפון,"ממ""ד",חדש מקבלן,קרוב לים
מאה ושישים 4,4015000,NIS,https://www.yad2.co.il/realestate/item/fwczqbuk?opened-from=feed&component-type=main_feed&spot=standard&location=1&pagination=58,דירה,5,2,120,רעננה,מרכז דרום,"ממ""ד",חניה,חדש מקבלן
מכבי 51,3450000,NIS,https://www.yad2.co.il/realestate/item/rkm58re9?opened-from=feed&component-type=main_feed&spot=standard&location=2&pagination=58,דירה,4,1,100,רעננה,נווה דוד רמז,"ממ""ד",חניה,חדש מקבלן
שרה אהרונסון 13,2700000,NIS,https://www.yad2.co.il/realestate/item/22iagizp?opened-from=feed&component-type=main_feed&spot=standard&location=3&pagination=58,דירה,4,3,120,גדרה,גדרה מזרח,3 כיווני אוויר,חניה,
השקד 10,3200000,NIS,https://www.yad2.co.il/realestate/item/u05xi469?opened-from=feed&component-type=main_feed&spot=standard&location=4&pagination=58,דירה,4,2,143,מבשרת ציון,נופי החורש,"ממ""ד",חניה,
אלמוג 13,2950000,NIS,https://www.yad2.co.il/realestate/item/a8eajwui?opened-from=feed&component-type=main_feed&spot=standard&location=5&pagination=58,דירה,5,8,143,חיפה,רמת חביב / רמת הנשיא,"ממ""ד",חניה,
הרימון 23,1870000,NIS,https://www.yad2.co.il/realestate/item/fs6obbfo?opened-from=feed&component-type=main_feed&spot=standard&location=6&pagination=58,דירה,4,8,126,קרית גת,הפרחים,4 כיווני אוויר,חניה,
שיאון 47,1360000,NIS,https://www.yad2.co.il/realestate/item/b67d1axn?opened-from=feed&component-type=main_feed&spot=standard&location=7&pagination=58,בית פרטי/ קוטג',3,,200,קצרין,אפק,חניה,בהזדמנות,
א.ד. גורדון 33,500000,NIS,,מחסן,3,,19,נתניה,צפון מערב מרכז העיר,גמיש במחיר,בהזדמנות,
אלישע 55,1450000,NIS,https://www.yad2.co.il/realestate/item/zo9zwq55?opened-from=feed&component-type=main_feed&spot=standard&location=9&pagination=58,דו משפחתי,3,,365,אופקים,שפירא,3 כיווני אוויר,חניה,
הרב מסעוד מלול 1,1650000,NIS,,מגרשים,3,,430,טבריה,שיכון ד,4 כיווני אוויר,חדש מקבלן,
חברון 8,2900000,NIS,https://www.yad2.co.il/realestate/item/n429a2lg?opened-from=feed&component-type=main_feed&spot=standard&location=11&pagination=58,דירה,5,1,110,בני ברק,הר שלום,3 מרפסות,3 כיווני אוויר,
ריינס 1,6485000,NIS,https://www.yad2.co.il/realestate/item/qson8np8?opened-from=feed&component-type=main_feed&spot=standard&location=12&pagination=58,דופלקס,6,4,285,חולון,רסקו א',2 מרפסות,3 חדרי מקלחת,
זבולון 29,10000000,NIS,,מגרשים,6,,1000,קרית אתא,מרכז העיר,4 כיווני אוויר,נוף פתוח לעיר,
יונתן רטוש 3,2970000,NIS,https://www.yad2.co.il/realestate/item/jz4nsozp?opened-from=feed&component-type=main_feed&spot=standard&location=14&pagination=58,דירה,4,20,120,ראש העין,פסגות אפק,"ממ""ד",חניה,
נחל דולב 8,1420000,NIS,https://www.yad2.co.il/realestate/item/2qsmqr2x?opened-from=feed&component-type=main_feed&spot=standard&location=15&pagination=58,דירה,4,2,127,שדרות,נאות שקמה,"ממ""ד",חניה,
הרשת 17,2450000,NIS,https://www.yad2.co.il/realestate/item/vhpcnsh0?opened-from=feed&component-type=main_feed&spot=standard&location=16&pagination=58,דירה,3,4,89,בת ים,לב העיר,2 מרפסות,"ממ""ד",
שדרות עמק האלה 67,1690000,NIS,https://www.yad2.co.il/realestate/item/edwl8irb?opened-from=feed&component-type=main_feed&spot=standard&location=17&pagination=58,דירה,4,7,112,אשקלון,שקמים ואגמים,"ממ""ד",חניה,
שזיף 9,5500000,NIS,https://www.yad2.co.il/realestate/item/d2wuzf3c?opened-from=feed&component-type=main_feed&spot=standard&location=18&pagination=58,בית פרטי/ קוטג',8,,450,אשקלון,אפרידר,"ממ""ד",חניה,
שבו 4,6990000,NIS,https://www.yad2.co.il/realestate/item/12q7ye83?opened-from=feed&component-type=main_feed&spot=standard&location=19&pagination=58,בית פרטי/ קוטג',5,,250,אשקלון,ברנע,3 חדרי מקלחת,4 כיווני אוויר,
שדרות עמק יזרעאל 121,2150000,NIS,https://www.yad2.co.il/realestate/item/edms7ns6?opened-from=feed&component-type=main_feed&spot=standard&location=20&pagination=58,דירה,5,6,148,אשקלון,שקמים ואגמים,3 כיווני אוויר,חניה,
הדקל 23,11000000,NIS,https://www.yad2.co.il/realestate/item/dny16m7m?opened-from=feed&component-type=main_feed&spot=standard&location=1&pagination=59,משק חקלאי/ נחלה,4,1,23000,נווה ימין,נווה ימין,4 כיווני אוויר,בהזדמנות,
אורן 1,3960000,NIS,https://www.yad2.co.il/realestate/item/yenfg9dc?opened-from=feed&component-type=main_feed&spot=standard&location=2&pagination=59,בית פרטי/ קוטג',5,,625,מסד,מסד,2 מרפסות,חניה,
שדרות ירושלים 8,3960000,לא,https://www.yad2.co.il/realestate/item/9cin85wj?opened-from=feed&component-type=main_feed&spot=standard&location=3&pagination=59,דירה,3,2,116,דימונה,ממשית,3 כיווני אוויר,חניה,
הרכס 82,2400000,NIS,https://www.yad2.co.il/realestate/item/vssm5629?opened-from=feed&component-type=main_feed&spot=standard&location=4&pagination=59,דירה,4,3,110,מעלה אדומים,נופי סלע,"ממ""ד",חניה,
כתב סופר 20,2400000,לא,https://www.yad2.co.il/realestate/item/7j7238lf?opened-from=feed&component-type=main_feed&spot=standard&location=5&pagination=59,דירה,4,2,70,ירושלים,גבעת שאול,3 כיווני אוויר,נוף פתוח לעיר,
ז'בוטינסקי 15,2790000,NIS,https://www.yad2.co.il/realestate/item/dv7pvqr8?opened-from=feed&component-type=main_feed&spot=standard&location=6&pagination=59,דירה,4,3,115,בת ים,עצמאות יוספטל,2 מרפסות,3 כיווני אוויר,
אדיר 34,3050000,NIS,https://www.yad2.co.il/realestate/item/vmolu3s9?opened-from=feed&component-type=main_feed&spot=standard&location=7&pagination=59,דו משפחתי,6,,400,אלפי מנשה,שגיא,3 כיווני אוויר,נוף פתוח לפארק,
אנפה 3,2920000,NIS,https://www.yad2.co.il/realestate/item/15xzvoo0?opened-from=feed&component-type=main_feed&spot=standard&location=8&pagination=59,דירת גן,4,,187,צור הדסה,סנסן,"ממ""ד",חניה,
שלום עליכם 8,1950000,NIS,https://www.yad2.co.il/realestate/item/70xtw9yy?opened-from=feed&component-type=main_feed&spot=standard&location=9&pagination=59,דירה,2,3,65,בת ים,לב העיר,נוף פתוח לפארק,קרוב לפארק,
מור 1,6950000,NIS,https://www.yad2.co.il/realestate/item/3mn8j7t0?opened-from=feed&component-type=main_feed&spot=standard&location=10&pagination=59,בית פרטי/ קוטג',7,,311,רחובות,נווה יהודה,3 חדרי מקלחת,3 כיווני אוויר,
נחל דולב 8,1500000,NIS,https://www.yad2.co.il/realestate/item/ombbc3io?opened-from=feed&component-type=main_feed&spot=standard&location=11&pagination=59,דירה,4,6,122,שדרות,נאות שקמה,"ממ""ד",חניה,
עין עופרים 12,1950000,NIS,https://www.yad2.co.il/realestate/item/zo5xiydj?opened-from=feed&component-type=main_feed&spot=standard&location=12&pagination=59,בית פרטי/ קוטג',7,,147,מצפה רמון,המעיינות,3 מרפסות,3 כיווני אוויר,
שדרות בן גוריון 1,2860000,NIS,https://www.yad2.co.il/realestate/item/3tzzrkih?opened-from=feed&component-type=main_feed&spot=standard&location=13&pagination=59,דירה,5,3,155,ראש העין,פסגות אפק,"ממ""ד",חניה,
בר כוכבא 48,5500000,NIS,https://www.yad2.co.il/realestate/item/9kypfdek?opened-from=feed&component-type=main_feed&spot=standard&location=14&pagination=59,דירה,5,9,158,הרצליה,נווה ישראל,3 חדרי מקלחת,חדש מקבלן,
לואי ליפסקי 38,2700000,NIS,https://www.yad2.co.il/realestate/item/bfc14jo8?opened-from=feed&component-type=main_feed&spot=standard&location=15&pagination=59,דירה,5,2,82,ירושלים,רמות,3 כיווני אוויר,נוף פתוח לפארק,
יהושע חנקין 1,3300000,NIS,https://www.yad2.co.il/realestate/item/6872tzhw?opened-from=feed&component-type=main_feed&spot=standard&location=16&pagination=59,דירה,5,6,130,רחובות,נווה יהודה,"ממ""ד",חניה,
שיינקין 11,2400000,NIS,https://www.yad2.co.il/realestate/item/6w8o73mt?opened-from=feed&component-type=main_feed&spot=standard&location=17&pagination=59,דירה,5,3,60,גבעתיים,שינקין,3 כיווני אוויר,נוף פתוח לעיר,
היוצרים 32,2050000,NIS,https://www.yad2.co.il/realestate/item/3bfurk9z?opened-from=feed&component-type=main_feed&spot=standard&location=18&pagination=59,דירה,4,13,122,אשקלון,עיר היין,"ממ""ד",חניה,
דרך העמק 1,4500000,NIS,https://www.yad2.co.il/realestate/item/x4pa5qij?opened-from=feed&component-type=main_feed&spot=standard&location=19&pagination=59,דירה,5,8,135,גני תקווה,מתחם מרכזי,3 חדרי מקלחת,חניה,
עין הקורא 22,2450000,NIS,https://www.yad2.co.il/realestate/item/v9nxb8ts?opened-from=feed&component-type=main_feed&spot=standard&location=20&pagination=59,דירה,3,18,88,ראשון לציון,אברמוביץ',"ממ""ד",חניה,
